"","unique_id","experiment","total_cycle","Treatment","PtoA","LtoP","Egg_period","Larval_period","Egg_laying"
"1",2,"spring",NA,20,FALSE,FALSE,NA,5,"2015-05-17T00:00:00Z"
"2",3,"spring",NA,20,FALSE,FALSE,NA,8,"2015-05-18T00:00:00Z"
"3",4,"spring",NA,20,FALSE,FALSE,NA,8,"2015-05-18T00:00:00Z"
"4",5,"spring",NA,25,FALSE,FALSE,NA,6,"2015-05-16T00:00:00Z"
"5",6,"spring",NA,25,FALSE,FALSE,NA,6,"2015-05-16T00:00:00Z"
"6",7,"spring",NA,25,FALSE,FALSE,NA,5,"2015-05-16T00:00:00Z"
"7",8,"spring",NA,25,FALSE,FALSE,NA,5,"2015-05-16T00:00:00Z"
"8",14,"spring",NA,20,FALSE,FALSE,NA,6,"2015-05-16T00:00:00Z"
"9",15,"spring",35,20,TRUE,TRUE,4,21,"2015-05-23T00:00:00Z"
"10",16,"spring",33,20,TRUE,TRUE,4,20,"2015-05-23T00:00:00Z"
"11",17,"spring",34,20,TRUE,TRUE,4,20,"2015-05-23T00:00:00Z"
"12",18,"spring",34,20,TRUE,TRUE,4,20,"2015-05-23T00:00:00Z"
"13",19,"spring",34,20,TRUE,TRUE,4,20,"2015-05-23T00:00:00Z"
"14",20,"spring",18,20,FALSE,FALSE,4,14,"2015-05-23T00:00:00Z"
"15",21,"spring",33,20,TRUE,TRUE,4,20,"2015-05-23T00:00:00Z"
"16",22,"spring",37,20,TRUE,TRUE,4,23,"2015-05-23T00:00:00Z"
"17",23,"spring",9,20,FALSE,FALSE,4,5,"2015-05-23T00:00:00Z"
"18",24,"spring",33,20,TRUE,TRUE,4,20,"2015-05-23T00:00:00Z"
"19",25,"spring",33,20,TRUE,TRUE,4,20,"2015-05-23T00:00:00Z"
"20",26,"spring",NA,20,FALSE,FALSE,NA,2,"2015-05-23T00:00:00Z"
"21",28,"spring",32,20,FALSE,TRUE,2,19,"2015-06-11T00:00:00Z"
"22",29,"spring",35,20,TRUE,TRUE,4,18,"2015-06-11T00:00:00Z"
"23",30,"spring",34,20,FALSE,TRUE,2,22,"2015-06-11T00:00:00Z"
"24",31,"spring",27,25,TRUE,TRUE,3,18,"2015-06-11T00:00:00Z"
"25",32,"spring",27,25,TRUE,TRUE,3,15,"2015-06-11T00:00:00Z"
"26",33,"spring",28,25,FALSE,FALSE,3,25,"2015-06-11T00:00:00Z"
"27",34,"spring",25,25,TRUE,TRUE,3,15,"2015-06-11T00:00:00Z"
"28",35,"spring",24,25,TRUE,TRUE,3,13,"2015-06-11T00:00:00Z"
"29",36,"spring",6,25,FALSE,FALSE,3,3,"2015-06-11T00:00:00Z"
"30",37,"spring",6,20,FALSE,FALSE,2,4,"2015-06-11T00:00:00Z"
"31",38,"spring",30,20,FALSE,FALSE,2,28,"2015-06-11T00:00:00Z"
"32",40,"spring",31,20,TRUE,TRUE,2,20,"2015-06-11T00:00:00Z"
"33",42,"spring",32,20,FALSE,TRUE,2,20,"2015-06-11T00:00:00Z"
"34",43,"spring",4,25,FALSE,FALSE,3,1,"2015-06-11T00:00:00Z"
"35",48,"spring",41,20,FALSE,TRUE,3,27,"2015-06-11T00:00:00Z"
"36",49,"spring",33,20,TRUE,TRUE,3,22,"2015-06-11T00:00:00Z"
"37",50,"spring",34,20,FALSE,FALSE,3,31,"2015-06-11T00:00:00Z"
"38",51,"spring",28,25,FALSE,FALSE,2,26,"2015-06-11T00:00:00Z"
"39",52,"spring",39,20,FALSE,FALSE,3,36,"2015-06-11T00:00:00Z"
"40",53,"spring",32,20,TRUE,TRUE,2,25,"2015-06-11T00:00:00Z"
"41",54,"spring",32,20,TRUE,TRUE,2,26,"2015-06-11T00:00:00Z"
"42",62,"spring",27,25,TRUE,TRUE,2,16,"2015-06-11T00:00:00Z"
"43",68,"spring",34,20,TRUE,TRUE,2,24,"2015-06-11T00:00:00Z"
"44",69,"spring",29,20,TRUE,TRUE,2,21,"2015-06-11T00:00:00Z"
"45",70,"spring",36,20,TRUE,TRUE,1,26,"2015-06-11T00:00:00Z"
"46",71,"spring",31,20,TRUE,TRUE,2,21,"2015-06-11T00:00:00Z"
"47",72,"spring",NA,20,FALSE,TRUE,2,22,"2015-06-11T00:00:00Z"
"48",73,"spring",27,25,TRUE,TRUE,2,16,"2015-06-11T00:00:00Z"
"49",74,"spring",9,20,FALSE,FALSE,2,7,"2015-06-11T00:00:00Z"
"50",75,"spring",23,25,FALSE,FALSE,2,21,"2015-06-11T00:00:00Z"
"51",76,"spring",27,25,TRUE,TRUE,2,16,"2015-06-11T00:00:00Z"
"52",77,"spring",26,25,FALSE,FALSE,2,24,"2015-06-11T00:00:00Z"
"53",78,"spring",23,25,TRUE,TRUE,2,14,"2015-06-11T00:00:00Z"
"54",79,"spring",27,25,TRUE,TRUE,2,16,"2015-06-11T00:00:00Z"
"55",80,"spring",31,25,TRUE,TRUE,2,19,"2015-06-11T00:00:00Z"
"56",83,"spring",21,25,FALSE,FALSE,3,18,"2015-06-11T00:00:00Z"
"57",84,"spring",6,25,FALSE,FALSE,2,4,"2015-06-11T00:00:00Z"
"58",85,"spring",29,25,TRUE,TRUE,2,18,"2015-06-11T00:00:00Z"
"59",86,"spring",23,25,FALSE,FALSE,2,21,"2015-06-11T00:00:00Z"
"60",87,"spring",31,20,TRUE,TRUE,2,21,"2015-06-11T00:00:00Z"
"61",88,"spring",37,20,FALSE,TRUE,2,24,"2015-06-11T00:00:00Z"
"62",89,"spring",8,20,FALSE,FALSE,2,6,"2015-06-11T00:00:00Z"
"63",91,"spring",11,20,FALSE,FALSE,2,9,"2015-06-11T00:00:00Z"
"64",92,"spring",35,20,TRUE,TRUE,3,22,"2015-06-11T00:00:00Z"
"65",93,"spring",9,20,FALSE,FALSE,2,7,"2015-06-11T00:00:00Z"
"66",94,"spring",24,25,TRUE,TRUE,2,15,"2015-06-11T00:00:00Z"
"67",95,"spring",17,25,FALSE,FALSE,1,16,"2015-06-11T00:00:00Z"
"68",96,"spring",26,25,FALSE,FALSE,2,24,"2015-06-11T00:00:00Z"
"69",97,"spring",24,25,TRUE,TRUE,2,15,"2015-06-11T00:00:00Z"
"70",98,"spring",23,25,FALSE,FALSE,2,21,"2015-06-11T00:00:00Z"
"71",99,"spring",26,25,TRUE,TRUE,2,16,"2015-06-11T00:00:00Z"
"72",107,"spring",4,20,FALSE,FALSE,3,1,"2015-06-11T00:00:00Z"
"73",108,"spring",8,20,FALSE,FALSE,3,5,"2015-06-11T00:00:00Z"
"74",109,"spring",34,20,TRUE,TRUE,2,23,"2015-06-11T00:00:00Z"
"75",110,"spring",22,20,FALSE,FALSE,2,20,"2015-06-11T00:00:00Z"
"76",111,"spring",31,20,TRUE,TRUE,2,20,"2015-06-11T00:00:00Z"
"77",113,"spring",37,20,FALSE,TRUE,3,24,"2015-06-11T00:00:00Z"
"78",114,"spring",21,25,FALSE,FALSE,2,19,"2015-06-11T00:00:00Z"
"79",115,"spring",20,25,FALSE,FALSE,2,18,"2015-06-11T00:00:00Z"
"80",116,"spring",24,25,TRUE,TRUE,2,16,"2015-06-11T00:00:00Z"
"81",117,"spring",11,25,FALSE,FALSE,2,9,"2015-06-11T00:00:00Z"
"82",118,"spring",13,25,FALSE,FALSE,2,11,"2015-06-11T00:00:00Z"
"83",119,"spring",NA,25,FALSE,FALSE,NA,1,"2015-06-11T00:00:00Z"
"84",121,"spring",6,20,FALSE,FALSE,3,3,"2015-06-11T00:00:00Z"
"85",122,"spring",25,25,TRUE,TRUE,2,16,"2015-06-11T00:00:00Z"
"86",126,"spring",13,25,FALSE,FALSE,2,11,"2015-06-11T00:00:00Z"
"87",127,"spring",11,25,FALSE,FALSE,2,9,"2015-06-11T00:00:00Z"
"88",128,"spring",29,25,TRUE,TRUE,2,18,"2015-06-11T00:00:00Z"
"89",129,"spring",NA,20,FALSE,FALSE,NA,1,"2015-06-11T00:00:00Z"
"90",130,"spring",7,20,FALSE,FALSE,2,5,"2015-06-11T00:00:00Z"
"91",133,"spring",NA,20,FALSE,FALSE,NA,1,"2015-06-11T00:00:00Z"
"92",134,"spring",34,20,TRUE,TRUE,4,22,"2015-06-11T00:00:00Z"
"93",135,"spring",34,20,FALSE,TRUE,4,20,"2015-06-11T00:00:00Z"
"94",137,"spring",10,25,FALSE,FALSE,5,5,"2015-06-09T00:00:00Z"
"95",138,"spring",18,25,FALSE,FALSE,4,14,"2015-06-09T00:00:00Z"
"96",139,"spring",29,25,TRUE,TRUE,4,17,"2015-06-09T00:00:00Z"
"97",140,"spring",NA,25,FALSE,FALSE,NA,1,"2015-06-09T00:00:00Z"
"98",148,"spring",NA,25,FALSE,FALSE,NA,1,"2015-06-09T00:00:00Z"
"99",153,"spring",36,20,TRUE,TRUE,4,20,"2015-06-09T00:00:00Z"
"100",154,"spring",34,20,TRUE,TRUE,4,23,"2015-06-09T00:00:00Z"
"101",155,"spring",34,20,TRUE,TRUE,4,20,"2015-06-09T00:00:00Z"
"102",156,"spring",NA,20,FALSE,FALSE,NA,1,"2015-06-09T00:00:00Z"
"103",157,"spring",29,20,FALSE,FALSE,4,25,"2015-06-09T00:00:00Z"
"104",158,"spring",14,20,FALSE,FALSE,4,10,"2015-06-09T00:00:00Z"
"105",159,"spring",NA,25,FALSE,FALSE,NA,1,"2015-06-09T00:00:00Z"
"106",160,"spring",NA,20,FALSE,TRUE,6,21,"2015-06-09T00:00:00Z"
"107",161,"spring",5,20,FALSE,FALSE,5,1,"2015-06-09T00:00:00Z"
"108",162,"spring",36,20,TRUE,TRUE,5,20,"2015-06-09T00:00:00Z"
"109",163,"spring",NA,20,FALSE,FALSE,NA,1,"2015-06-09T00:00:00Z"
"110",164,"spring",NA,20,FALSE,FALSE,NA,1,"2015-06-09T00:00:00Z"
"111",165,"spring",29,25,TRUE,TRUE,4,19,"2015-06-09T00:00:00Z"
"112",166,"spring",NA,25,FALSE,FALSE,NA,1,"2015-06-09T00:00:00Z"
"113",167,"spring",27,25,TRUE,TRUE,4,16,"2015-06-09T00:00:00Z"
"114",168,"spring",8,25,FALSE,FALSE,4,4,"2015-06-09T00:00:00Z"
"115",169,"spring",26,25,TRUE,TRUE,4,15,"2015-06-09T00:00:00Z"
"116",170,"spring",NA,25,FALSE,FALSE,NA,1,"2015-06-09T00:00:00Z"
"117",175,"spring",29,20,TRUE,TRUE,2,21,"2015-06-11T00:00:00Z"
"118",176,"spring",31,20,TRUE,TRUE,2,23,"2015-06-11T00:00:00Z"
"119",177,"spring",2,20,FALSE,FALSE,2,1,"2015-06-11T00:00:00Z"
"120",178,"spring",31,20,TRUE,TRUE,2,23,"2015-06-11T00:00:00Z"
"121",179,"spring",31,20,TRUE,TRUE,2,23,"2015-06-11T00:00:00Z"
"122",180,"spring",31,20,TRUE,TRUE,2,21,"2015-06-11T00:00:00Z"
"123",181,"spring",31,20,TRUE,TRUE,2,19,"2015-06-11T00:00:00Z"
"124",183,"spring",29,25,TRUE,TRUE,2,16,"2015-06-11T00:00:00Z"
"125",184,"spring",29,25,TRUE,TRUE,2,16,"2015-06-11T00:00:00Z"
"126",185,"spring",21,25,TRUE,TRUE,2,12,"2015-06-11T00:00:00Z"
"127",186,"spring",22,25,TRUE,TRUE,2,14,"2015-06-11T00:00:00Z"
"128",187,"spring",27,25,TRUE,TRUE,2,16,"2015-06-11T00:00:00Z"
"129",188,"spring",24,25,TRUE,TRUE,3,14,"2015-06-11T00:00:00Z"
"130",189,"spring",24,25,TRUE,TRUE,3,13,"2015-06-11T00:00:00Z"
"131",190,"spring",26,25,TRUE,TRUE,3,13,"2015-06-11T00:00:00Z"
"132",191,"spring",21,25,TRUE,TRUE,3,11,"2015-06-11T00:00:00Z"
"133",192,"spring",24,25,TRUE,TRUE,3,14,"2015-06-11T00:00:00Z"
"134",194,"spring",6,25,FALSE,FALSE,3,3,"2015-06-11T00:00:00Z"
"135",195,"spring",NA,20,TRUE,TRUE,2,21,"2015-06-11T00:00:00Z"
"136",196,"spring",31,20,TRUE,TRUE,2,19,"2015-06-11T00:00:00Z"
"137",197,"spring",34,20,TRUE,TRUE,2,24,"2015-06-11T00:00:00Z"
"138",198,"spring",34,20,TRUE,TRUE,2,21,"2015-06-11T00:00:00Z"
"139",199,"spring",31,20,TRUE,TRUE,2,21,"2015-06-11T00:00:00Z"
"140",200,"spring",32,20,TRUE,TRUE,2,21,"2015-06-11T00:00:00Z"
"141",207,"spring",22,20,FALSE,FALSE,3,19,"2015-06-11T00:00:00Z"
"142",208,"spring",31,20,FALSE,FALSE,2,29,"2015-06-11T00:00:00Z"
"143",209,"spring",34,20,TRUE,TRUE,3,22,"2015-06-11T00:00:00Z"
"144",210,"spring",NA,20,FALSE,TRUE,2,22,"2015-06-11T00:00:00Z"
"145",211,"spring",40,20,FALSE,TRUE,2,28,"2015-06-11T00:00:00Z"
"146",212,"spring",26,25,TRUE,TRUE,2,14,"2015-06-11T00:00:00Z"
"147",213,"spring",24,25,TRUE,TRUE,2,14,"2015-06-11T00:00:00Z"
"148",214,"spring",25,25,TRUE,TRUE,2,16,"2015-06-11T00:00:00Z"
"149",216,"spring",29,25,TRUE,TRUE,2,16,"2015-06-11T00:00:00Z"
"150",217,"spring",22,25,TRUE,TRUE,2,14,"2015-06-11T00:00:00Z"
"151",223,"spring",NA,20,FALSE,TRUE,2,25,"2015-05-26T00:00:00Z"
"152",225,"spring",8,20,FALSE,FALSE,4,4,"2015-05-29T00:00:00Z"
"153",226,"spring",NA,25,FALSE,FALSE,NA,1,"2015-05-28T00:00:00Z"
"154",228,"spring",7,20,FALSE,FALSE,4,3,"2015-05-28T00:00:00Z"
"155",230,"spring",7,20,FALSE,FALSE,4,3,"2015-05-28T00:00:00Z"
"156",234,"spring",NA,25,TRUE,TRUE,2,14,"2015-05-29T00:00:00Z"
"157",236,"spring",5,20,FALSE,FALSE,5,1,"2015-05-29T00:00:00Z"
"158",237,"spring",7,25,FALSE,FALSE,7,1,"2015-05-29T00:00:00Z"
"159",239,"spring",NA,20,FALSE,FALSE,NA,1,"2015-05-29T00:00:00Z"
"160",240,"spring",6,25,FALSE,FALSE,6,1,"2015-05-29T00:00:00Z"
"161",242,"spring",NA,20,FALSE,FALSE,NA,1,"2015-05-29T00:00:00Z"
"162",243,"spring",7,25,FALSE,FALSE,7,1,"2015-05-29T00:00:00Z"
"163",245,"spring",NA,20,TRUE,TRUE,7,28,"2015-05-29T00:00:00Z"
"164",246,"spring",7,25,FALSE,FALSE,7,1,"2015-05-29T00:00:00Z"
"165",248,"spring",NA,20,FALSE,FALSE,NA,1,"2015-05-29T00:00:00Z"
"166",250,"spring",NA,20,FALSE,FALSE,NA,1,"2015-05-29T00:00:00Z"
"167",251,"spring",NA,20,FALSE,FALSE,NA,1,"2015-05-29T00:00:00Z"
"168",253,"spring",NA,20,TRUE,TRUE,4,22,"2015-05-29T00:00:00Z"
"169",254,"spring",26,25,TRUE,TRUE,2,14,"2015-05-29T00:00:00Z"
"170",256,"spring",6,25,FALSE,FALSE,5,1,"2015-05-29T00:00:00Z"
"171",258,"spring",NA,20,TRUE,TRUE,4,23,"2015-05-29T00:00:00Z"
"172",259,"spring",28,25,TRUE,TRUE,5,16,"2015-05-29T00:00:00Z"
"173",261,"spring",6,20,FALSE,FALSE,5,1,"2015-05-29T00:00:00Z"
"174",262,"spring",6,25,FALSE,FALSE,6,1,"2015-05-29T00:00:00Z"
"175",264,"spring",6,20,FALSE,FALSE,5,1,"2015-05-29T00:00:00Z"
"176",265,"spring",NA,25,FALSE,TRUE,5,19,"2015-05-29T00:00:00Z"
"177",267,"spring",NA,20,TRUE,TRUE,5,21,"2015-05-29T00:00:00Z"
"178",268,"spring",28,25,TRUE,TRUE,6,17,"2015-05-29T00:00:00Z"
"179",270,"spring",4,20,FALSE,FALSE,4,1,"2015-05-29T00:00:00Z"
"180",271,"spring",6,25,FALSE,FALSE,6,1,"2015-05-29T00:00:00Z"
"181",273,"spring",5,20,FALSE,FALSE,4,1,"2015-05-29T00:00:00Z"
"182",274,"spring",29,25,TRUE,TRUE,6,19,"2015-05-29T00:00:00Z"
"183",276,"spring",NA,20,TRUE,TRUE,4,25,"2015-05-29T00:00:00Z"
"184",277,"spring",25,25,TRUE,TRUE,2,15,"2015-05-29T00:00:00Z"
"185",280,"spring",NA,20,TRUE,TRUE,4,24,"2015-05-29T00:00:00Z"
"186",281,"spring",5,25,FALSE,FALSE,2,3,"2015-05-29T00:00:00Z"
"187",283,"spring",NA,20,TRUE,TRUE,4,22,"2015-05-29T00:00:00Z"
"188",284,"spring",24,25,TRUE,TRUE,2,15,"2015-05-29T00:00:00Z"
"189",286,"spring",7,20,FALSE,FALSE,4,3,"2015-05-29T00:00:00Z"
"190",292,"spring",16,25,FALSE,FALSE,3,13,"2015-06-22T00:00:00Z"
"191",293,"autumn",NA,25,FALSE,FALSE,NA,9,"2015-10-11T00:00:00Z"
"192",294,"autumn",11,25,FALSE,FALSE,2,9,"2015-10-07T00:00:00Z"
"193",295,"autumn",NA,25,TRUE,TRUE,2,14,"2015-10-07T00:00:00Z"
"194",296,"autumn",NA,25,FALSE,FALSE,NA,4,"2015-10-09T00:00:00Z"
"195",297,"autumn",25,25,FALSE,FALSE,5,20,"2015-10-09T00:00:00Z"
"196",298,"autumn",NA,25,TRUE,TRUE,3,14,"2015-10-09T00:00:00Z"
"197",299,"autumn",NA,25,FALSE,FALSE,NA,4,"2015-10-09T00:00:00Z"
"198",300,"autumn",NA,20,TRUE,TRUE,3,14,"2015-10-07T00:00:00Z"
"199",301,"autumn",NA,20,TRUE,TRUE,3,12,"2015-10-07T00:00:00Z"
"200",302,"autumn",NA,20,FALSE,TRUE,3,14,"2015-10-07T00:00:00Z"
"201",303,"autumn",NA,20,FALSE,FALSE,NA,1,"2015-10-07T00:00:00Z"
"202",304,"autumn",NA,25,TRUE,TRUE,2,13,"2015-10-07T00:00:00Z"
"203",305,"autumn",NA,20,TRUE,TRUE,3,12,"2015-10-07T00:00:00Z"
"204",306,"autumn",NA,20,FALSE,FALSE,NA,1,"2015-10-07T00:00:00Z"
"205",307,"autumn",NA,25,TRUE,TRUE,3,13,"2015-10-07T00:00:00Z"
"206",308,"autumn",NA,25,FALSE,TRUE,3,14,"2015-10-07T00:00:00Z"
"207",309,"autumn",NA,25,TRUE,TRUE,3,14,"2015-10-07T00:00:00Z"
"208",310,"autumn",12,25,FALSE,FALSE,2,10,"2015-10-09T00:00:00Z"
"209",311,"autumn",NA,25,FALSE,FALSE,NA,6,"2015-10-09T00:00:00Z"
"210",312,"autumn",NA,25,FALSE,FALSE,NA,6,"2015-10-09T00:00:00Z"
"211",313,"autumn",26,20,FALSE,FALSE,3,23,"2015-10-07T00:00:00Z"
"212",314,"autumn",29,20,FALSE,FALSE,8,21,"2015-10-07T00:00:00Z"
"213",315,"autumn",NA,25,TRUE,TRUE,2,13,"2015-10-07T00:00:00Z"
"214",316,"autumn",NA,20,TRUE,TRUE,8,19,"2015-10-07T00:00:00Z"
"215",317,"autumn",NA,20,TRUE,TRUE,8,19,"2015-10-07T00:00:00Z"
"216",318,"autumn",17,20,FALSE,FALSE,8,9,"2015-10-07T00:00:00Z"
"217",319,"autumn",NA,20,TRUE,TRUE,8,23,"2015-10-07T00:00:00Z"
"218",320,"autumn",NA,20,FALSE,FALSE,NA,1,"2015-10-07T00:00:00Z"
"219",321,"autumn",NA,20,FALSE,FALSE,NA,1,"2015-10-07T00:00:00Z"
"220",322,"autumn",3,20,FALSE,FALSE,3,1,"2015-10-07T00:00:00Z"
"221",323,"autumn",NA,20,TRUE,TRUE,3,15,"2015-10-07T00:00:00Z"
"222",324,"autumn",NA,20,FALSE,FALSE,NA,1,"2015-10-07T00:00:00Z"
"223",325,"autumn",NA,20,TRUE,TRUE,3,15,"2015-10-07T00:00:00Z"
"224",326,"autumn",NA,25,TRUE,TRUE,2,13,"2015-10-07T00:00:00Z"
"225",327,"autumn",NA,25,TRUE,TRUE,2,14,"2015-10-07T00:00:00Z"
"226",328,"autumn",NA,25,TRUE,TRUE,2,14,"2015-10-07T00:00:00Z"
"227",329,"autumn",NA,25,TRUE,TRUE,2,14,"2015-10-07T00:00:00Z"
"228",330,"autumn",NA,25,FALSE,TRUE,2,14,"2015-10-07T00:00:00Z"
"229",331,"autumn",17,25,FALSE,FALSE,5,12,"2015-10-11T00:00:00Z"
"230",332,"autumn",NA,25,TRUE,TRUE,3,14,"2015-10-11T00:00:00Z"
"231",333,"autumn",15,25,FALSE,FALSE,3,12,"2015-10-11T00:00:00Z"
"232",334,"autumn",19,25,FALSE,FALSE,2,17,"2015-10-19T00:00:00Z"
"233",335,"autumn",NA,25,FALSE,TRUE,2,6,"2015-10-19T00:00:00Z"
"234",336,"autumn",5,25,FALSE,FALSE,2,3,"2015-10-19T00:00:00Z"
"235",337,"autumn",NA,25,FALSE,FALSE,NA,4,"2015-10-11T00:00:00Z"
"236",338,"autumn",15,25,FALSE,FALSE,2,13,"2015-10-19T00:00:00Z"
"237",339,"autumn",2,25,FALSE,FALSE,2,1,"2015-10-19T00:00:00Z"
"238",340,"autumn",2,25,FALSE,FALSE,2,1,"2015-10-19T00:00:00Z"
"239",341,"autumn",19,20,FALSE,FALSE,7,12,"2015-10-19T00:00:00Z"
"240",342,"autumn",NA,20,FALSE,TRUE,7,19,"2015-10-19T00:00:00Z"
"241",343,"autumn",13,20,FALSE,FALSE,7,6,"2015-10-19T00:00:00Z"
"242",344,"autumn",NA,20,FALSE,FALSE,NA,3,"2015-10-19T00:00:00Z"
"243",345,"autumn",NA,20,FALSE,FALSE,NA,1,"2015-10-19T00:00:00Z"
"244",346,"autumn",NA,20,FALSE,FALSE,NA,1,"2015-10-19T00:00:00Z"
"245",347,"autumn",2,25,FALSE,FALSE,2,1,"2015-10-19T00:00:00Z"
"246",348,"autumn",NA,25,TRUE,TRUE,2,14,"2015-10-07T00:00:00Z"
"247",349,"autumn",NA,25,FALSE,FALSE,NA,1,"2015-10-19T00:00:00Z"
"248",350,"autumn",21,25,FALSE,FALSE,3,18,"2015-10-19T00:00:00Z"
"249",351,"autumn",NA,25,FALSE,FALSE,NA,1,"2015-10-19T00:00:00Z"
"250",352,"autumn",NA,25,FALSE,FALSE,NA,1,"2015-10-19T00:00:00Z"
"251",353,"autumn",14,25,FALSE,FALSE,3,11,"2015-10-19T00:00:00Z"
"252",354,"autumn",NA,20,FALSE,FALSE,NA,1,"2015-10-19T00:00:00Z"
"253",355,"autumn",NA,20,TRUE,TRUE,7,15,"2015-10-19T00:00:00Z"
"254",356,"autumn",NA,20,FALSE,FALSE,NA,1,"2015-10-19T00:00:00Z"
"255",357,"autumn",8,20,FALSE,FALSE,7,1,"2015-10-19T00:00:00Z"
"256",358,"autumn",8,20,FALSE,FALSE,7,1,"2015-10-19T00:00:00Z"
"257",359,"autumn",NA,25,TRUE,TRUE,2,14,"2015-10-07T00:00:00Z"
"258",360,"autumn",NA,20,FALSE,FALSE,NA,1,"2015-10-19T00:00:00Z"
"259",361,"autumn",NA,20,TRUE,TRUE,NA,10,"2015-10-11T00:00:00Z"
"260",362,"autumn",NA,20,TRUE,TRUE,NA,10,"2015-10-11T00:00:00Z"
"261",363,"autumn",NA,20,FALSE,TRUE,NA,10,"2015-10-11T00:00:00Z"
"262",364,"autumn",NA,20,FALSE,FALSE,NA,10,"2015-10-11T00:00:00Z"
"263",365,"autumn",NA,20,TRUE,TRUE,NA,10,"2015-10-11T00:00:00Z"
"264",366,"autumn",NA,20,TRUE,TRUE,NA,10,"2015-10-11T00:00:00Z"
"265",367,"autumn",NA,20,FALSE,TRUE,NA,15,"2015-10-11T00:00:00Z"
"266",368,"autumn",NA,20,TRUE,TRUE,NA,10,"2015-10-11T00:00:00Z"
"267",369,"autumn",NA,20,TRUE,TRUE,NA,10,"2015-10-11T00:00:00Z"
"268",370,"autumn",NA,25,TRUE,TRUE,2,14,"2015-10-07T00:00:00Z"
"269",371,"autumn",NA,20,FALSE,TRUE,NA,13,"2015-10-11T00:00:00Z"
"270",372,"autumn",NA,20,TRUE,TRUE,NA,10,"2015-10-11T00:00:00Z"
"271",373,"autumn",NA,20,TRUE,TRUE,NA,10,"2015-10-11T00:00:00Z"
"272",374,"autumn",NA,20,TRUE,TRUE,5,15,"2015-10-11T00:00:00Z"
"273",375,"autumn",NA,20,TRUE,TRUE,5,17,"2015-10-11T00:00:00Z"
"274",376,"autumn",12,25,FALSE,FALSE,2,10,"2015-10-07T00:00:00Z"
"275",377,"autumn",4,20,FALSE,FALSE,4,1,"2015-10-07T00:00:00Z"
"276",378,"autumn",NA,25,FALSE,FALSE,NA,6,"2015-10-07T00:00:00Z"
"277",379,"autumn",NA,25,FALSE,FALSE,NA,1,NA
"278",380,"autumn",NA,25,FALSE,FALSE,NA,13,"2015-10-11T00:00:00Z"
"279",381,"autumn",NA,25,FALSE,FALSE,NA,1,"2015-10-11T00:00:00Z"
"280",382,"autumn",NA,25,FALSE,FALSE,NA,7,"2015-10-11T00:00:00Z"
"281",383,"autumn",NA,25,FALSE,FALSE,NA,8,"2015-10-11T00:00:00Z"
"282",384,"autumn",NA,25,FALSE,FALSE,NA,10,"2015-10-11T00:00:00Z"
"283",385,"autumn",NA,25,FALSE,FALSE,NA,8,"2015-10-11T00:00:00Z"
"284",386,"autumn",NA,25,FALSE,FALSE,NA,2,"2015-10-11T00:00:00Z"
"285",387,"autumn",NA,25,FALSE,FALSE,NA,12,"2015-10-11T00:00:00Z"
"286",388,"autumn",NA,25,FALSE,FALSE,NA,1,"2015-10-11T00:00:00Z"
"287",389,"autumn",NA,20,FALSE,FALSE,NA,1,"2015-10-07T00:00:00Z"
"288",390,"autumn",NA,25,FALSE,FALSE,NA,2,"2015-10-11T00:00:00Z"
"289",391,"autumn",NA,25,FALSE,FALSE,NA,4,"2015-10-11T00:00:00Z"
"290",392,"autumn",NA,25,FALSE,FALSE,NA,2,"2015-10-11T00:00:00Z"
"291",393,"autumn",NA,25,FALSE,FALSE,NA,8,"2015-10-11T00:00:00Z"
"292",394,"autumn",NA,25,FALSE,FALSE,NA,6,"2015-10-11T00:00:00Z"
"293",395,"autumn",NA,25,FALSE,FALSE,NA,6,"2015-10-11T00:00:00Z"
"294",396,"autumn",NA,25,FALSE,FALSE,NA,5,"2015-10-11T00:00:00Z"
"295",397,"autumn",NA,25,FALSE,FALSE,NA,5,"2015-10-11T00:00:00Z"
"296",398,"autumn",NA,25,FALSE,FALSE,NA,5,"2015-10-11T00:00:00Z"
"297",399,"autumn",NA,20,FALSE,FALSE,NA,6,"2015-10-07T00:00:00Z"
"298",400,"autumn",NA,20,FALSE,FALSE,NA,6,"2015-10-07T00:00:00Z"
"299",401,"autumn",NA,20,FALSE,FALSE,NA,1,"2015-10-07T00:00:00Z"
"300",402,"autumn",NA,20,FALSE,FALSE,NA,1,"2015-10-07T00:00:00Z"
"301",403,"autumn",3,20,FALSE,FALSE,3,1,"2015-10-07T00:00:00Z"
"302",404,"autumn",NA,25,TRUE,TRUE,1,16,"2015-10-09T00:00:00Z"
"303",405,"autumn",NA,25,TRUE,TRUE,1,16,"2015-10-09T00:00:00Z"
"304",406,"autumn",17,25,FALSE,FALSE,3,14,"2015-10-09T00:00:00Z"
"305",407,"autumn",NA,20,TRUE,TRUE,3,12,"2015-10-07T00:00:00Z"
"306",408,"autumn",NA,25,TRUE,TRUE,2,15,"2015-10-09T00:00:00Z"
"307",409,"autumn",NA,20,FALSE,TRUE,4,18,"2015-10-07T00:00:00Z"
"308",410,"autumn",NA,20,FALSE,TRUE,4,18,"2015-10-07T00:00:00Z"
"309",411,"autumn",NA,20,FALSE,TRUE,4,18,"2015-10-07T00:00:00Z"
"310",412,"autumn",NA,20,FALSE,TRUE,4,18,"2015-10-07T00:00:00Z"
"311",413,"autumn",NA,20,TRUE,TRUE,4,18,"2015-10-07T00:00:00Z"
"312",414,"autumn",NA,20,TRUE,TRUE,4,14,"2015-10-07T00:00:00Z"
"313",415,"autumn",NA,25,TRUE,TRUE,2,14,"2015-10-07T00:00:00Z"
"314",416,"autumn",NA,25,TRUE,TRUE,3,12,"2015-10-07T00:00:00Z"
"315",417,"autumn",NA,25,TRUE,TRUE,3,13,"2015-10-07T00:00:00Z"
"316",418,"autumn",25,25,FALSE,FALSE,3,22,"2015-10-07T00:00:00Z"
"317",419,"autumn",4,20,FALSE,FALSE,4,1,"2015-10-07T00:00:00Z"
"318",420,"autumn",18,25,FALSE,FALSE,3,15,"2015-10-07T00:00:00Z"
"319",421,"autumn",NA,25,TRUE,TRUE,2,14,"2015-10-07T00:00:00Z"
"320",422,"autumn",NA,25,FALSE,TRUE,2,19,"2015-10-08T00:00:00Z"
"321",423,"autumn",17,25,FALSE,FALSE,1,16,"2015-10-08T00:00:00Z"
"322",424,"autumn",NA,20,FALSE,TRUE,4,15,"2015-10-09T00:00:00Z"
"323",425,"autumn",NA,20,TRUE,TRUE,4,13,"2015-10-09T00:00:00Z"
"324",426,"autumn",26,20,FALSE,FALSE,4,22,"2015-10-09T00:00:00Z"
"325",427,"autumn",NA,20,FALSE,TRUE,4,15,"2015-10-09T00:00:00Z"
"326",428,"autumn",12,20,FALSE,FALSE,4,8,"2015-10-09T00:00:00Z"
"327",429,"autumn",7,20,FALSE,FALSE,4,3,"2015-10-09T00:00:00Z"
"328",430,"autumn",NA,20,TRUE,TRUE,3,12,"2015-10-07T00:00:00Z"
"329",431,"autumn",18,25,FALSE,FALSE,4,14,"2015-10-07T00:00:00Z"
"330",432,"autumn",NA,25,TRUE,TRUE,2,14,"2015-10-07T00:00:00Z"
"331",433,"autumn",NA,25,TRUE,TRUE,2,14,"2015-10-07T00:00:00Z"
"332",434,"autumn",NA,20,FALSE,FALSE,NA,1,"2015-10-09T00:00:00Z"
"333",435,"autumn",NA,20,FALSE,FALSE,NA,1,"2015-10-09T00:00:00Z"
"334",436,"autumn",NA,20,FALSE,FALSE,NA,1,"2015-10-09T00:00:00Z"
"335",437,"autumn",NA,20,FALSE,FALSE,NA,1,"2015-10-09T00:00:00Z"
"336",438,"autumn",NA,20,FALSE,FALSE,NA,1,"2015-10-09T00:00:00Z"
"337",439,"autumn",11,25,FALSE,FALSE,5,6,"2015-10-08T00:00:00Z"
"338",440,"autumn",NA,20,FALSE,TRUE,4,15,"2015-10-07T00:00:00Z"
"339",441,"autumn",NA,20,FALSE,FALSE,NA,1,"2015-10-07T00:00:00Z"
"340",442,"autumn",NA,20,FALSE,FALSE,NA,1,"2015-10-07T00:00:00Z"
"341",443,"autumn",NA,20,FALSE,FALSE,NA,1,"2015-10-07T00:00:00Z"
"342",444,"autumn",NA,20,FALSE,FALSE,NA,1,"2015-10-07T00:00:00Z"
"343",445,"autumn",NA,20,FALSE,FALSE,NA,1,"2015-10-07T00:00:00Z"
"344",446,"autumn",NA,20,FALSE,FALSE,NA,1,"2015-10-07T00:00:00Z"
"345",447,"autumn",NA,20,FALSE,FALSE,NA,1,"2015-10-07T00:00:00Z"
"346",448,"autumn",NA,20,FALSE,TRUE,3,16,"2015-10-07T00:00:00Z"
"347",449,"autumn",NA,20,FALSE,FALSE,NA,5,"2015-10-07T00:00:00Z"
"348",450,"autumn",NA,20,FALSE,FALSE,NA,1,"2015-10-07T00:00:00Z"
"349",451,"autumn",4,20,FALSE,FALSE,4,1,"2015-10-07T00:00:00Z"
"350",452,"autumn",NA,20,FALSE,FALSE,NA,1,"2015-10-07T00:00:00Z"
"351",453,"autumn",NA,20,FALSE,FALSE,NA,1,"2015-10-07T00:00:00Z"
"352",454,"autumn",NA,25,FALSE,FALSE,NA,9,"2015-10-07T00:00:00Z"
"353",455,"autumn",NA,20,FALSE,TRUE,5,17,"2015-10-08T00:00:00Z"
"354",456,"autumn",3,20,FALSE,FALSE,3,1,"2015-10-08T00:00:00Z"
"355",457,"autumn",8,20,FALSE,FALSE,8,1,"2015-10-08T00:00:00Z"
"356",458,"autumn",20,20,FALSE,FALSE,5,15,"2015-10-08T00:00:00Z"
"357",459,"autumn",20,20,FALSE,FALSE,5,15,"2015-10-08T00:00:00Z"
"358",460,"autumn",15,20,FALSE,FALSE,5,10,"2015-10-08T00:00:00Z"
"359",461,"autumn",16,25,FALSE,FALSE,1,15,"2015-10-11T00:00:00Z"
"360",462,"autumn",NA,25,FALSE,TRUE,2,14,"2015-10-07T00:00:00Z"
"361",463,"autumn",NA,25,FALSE,FALSE,NA,3,"2015-10-11T00:00:00Z"
"362",464,"autumn",14,25,FALSE,FALSE,1,13,"2015-10-11T00:00:00Z"
"363",465,"autumn",14,25,FALSE,FALSE,2,12,"2015-10-09T00:00:00Z"
"364",466,"autumn",NA,25,FALSE,FALSE,NA,12,"2015-10-09T00:00:00Z"
"365",467,"autumn",NA,25,FALSE,FALSE,NA,5,"2015-10-09T00:00:00Z"
"366",468,"autumn",NA,20,TRUE,TRUE,4,15,"2015-10-09T00:00:00Z"
"367",469,"autumn",NA,20,FALSE,TRUE,4,15,"2015-10-09T00:00:00Z"
"368",470,"autumn",NA,20,TRUE,TRUE,4,15,"2015-10-09T00:00:00Z"
"369",471,"autumn",NA,20,TRUE,TRUE,4,15,"2015-10-09T00:00:00Z"
"370",472,"autumn",NA,20,TRUE,TRUE,4,15,"2015-10-09T00:00:00Z"
"371",473,"autumn",14,25,FALSE,FALSE,9,5,"2015-10-07T00:00:00Z"
"372",474,"autumn",NA,20,TRUE,TRUE,4,15,"2015-10-09T00:00:00Z"
"373",475,"autumn",NA,25,TRUE,TRUE,2,12,"2015-10-09T00:00:00Z"
"374",476,"autumn",11,25,FALSE,FALSE,2,9,"2015-10-09T00:00:00Z"
"375",477,"autumn",NA,25,FALSE,TRUE,2,12,"2015-10-09T00:00:00Z"
"376",478,"autumn",NA,25,FALSE,TRUE,2,12,"2015-10-09T00:00:00Z"
"377",479,"autumn",NA,25,FALSE,FALSE,NA,6,"2015-10-19T00:00:00Z"
"378",480,"autumn",11,25,FALSE,FALSE,5,6,"2015-10-19T00:00:00Z"
"379",481,"autumn",23,25,FALSE,FALSE,3,20,"2015-10-19T00:00:00Z"
"380",482,"autumn",14,25,FALSE,FALSE,3,11,"2015-10-19T00:00:00Z"
"381",483,"autumn",NA,25,FALSE,FALSE,NA,1,"2015-10-19T00:00:00Z"
"382",484,"autumn",11,25,FALSE,FALSE,2,9,"2015-10-07T00:00:00Z"
"383",485,"autumn",NA,25,TRUE,TRUE,3,12,"2015-10-19T00:00:00Z"
"384",486,"autumn",NA,20,FALSE,TRUE,3,16,"2015-10-19T00:00:00Z"
"385",487,"autumn",NA,20,TRUE,TRUE,3,16,"2015-10-19T00:00:00Z"
"386",488,"autumn",NA,20,FALSE,TRUE,3,19,"2015-10-19T00:00:00Z"
"387",489,"autumn",21,20,FALSE,FALSE,2,19,"2015-10-19T00:00:00Z"
"388",490,"autumn",NA,20,FALSE,TRUE,NA,16,"2015-10-19T00:00:00Z"
"389",491,"autumn",NA,20,FALSE,TRUE,NA,16,"2015-10-19T00:00:00Z"
"390",492,"autumn",NA,25,FALSE,FALSE,NA,6,NA
"391",493,"autumn",NA,25,FALSE,FALSE,NA,12,NA
"392",494,"autumn",NA,25,FALSE,FALSE,NA,12,NA
"393",495,"autumn",3,20,FALSE,FALSE,3,1,"2015-10-07T00:00:00Z"
"394",496,"autumn",NA,20,FALSE,TRUE,3,14,"2015-10-07T00:00:00Z"
"395",497,"autumn",NA,20,TRUE,TRUE,NA,12,NA
"396",498,"autumn",NA,20,TRUE,TRUE,5,12,"2015-10-09T00:00:00Z"
"397",499,"autumn",NA,20,TRUE,TRUE,3,12,"2015-10-07T00:00:00Z"
"398",500,"autumn",NA,20,TRUE,TRUE,3,12,"2015-10-07T00:00:00Z"
"399",501,"autumn",NA,20,TRUE,TRUE,3,16,"2015-10-07T00:00:00Z"
"400",502,"autumn",3,20,FALSE,FALSE,3,1,"2015-10-07T00:00:00Z"
"401",503,"autumn",13,20,FALSE,FALSE,3,10,"2015-10-07T00:00:00Z"
"402",504,"autumn",NA,20,TRUE,TRUE,3,16,"2015-10-07T00:00:00Z"
"403",505,"autumn",3,20,FALSE,FALSE,3,1,"2015-10-07T00:00:00Z"
"404",506,"autumn",NA,20,FALSE,TRUE,4,16,"2015-10-07T00:00:00Z"
"405",507,"autumn",10,25,FALSE,FALSE,6,4,"2015-10-11T00:00:00Z"
"406",508,"autumn",NA,20,TRUE,TRUE,3,16,"2015-10-07T00:00:00Z"
"407",509,"autumn",14,25,FALSE,FALSE,2,12,"2015-10-07T00:00:00Z"
"408",510,"autumn",18,25,FALSE,FALSE,2,16,"2015-10-07T00:00:00Z"
"409",511,"autumn",18,25,FALSE,FALSE,2,16,"2015-10-07T00:00:00Z"
"410",512,"autumn",NA,20,FALSE,FALSE,NA,1,"2015-10-07T00:00:00Z"
"411",513,"autumn",NA,20,FALSE,TRUE,3,12,"2015-10-07T00:00:00Z"
"412",514,"autumn",NA,20,TRUE,TRUE,3,14,"2015-10-07T00:00:00Z"
"413",515,"autumn",NA,20,FALSE,FALSE,NA,1,"2015-10-07T00:00:00Z"
"414",516,"autumn",9,20,FALSE,FALSE,3,6,"2015-10-07T00:00:00Z"
"415",517,"autumn",NA,20,TRUE,TRUE,3,16,"2015-10-07T00:00:00Z"
"416",518,"autumn",NA,25,FALSE,FALSE,NA,5,"2015-10-11T00:00:00Z"
"417",519,"autumn",NA,20,TRUE,TRUE,4,16,"2015-10-07T00:00:00Z"
"418",520,"autumn",NA,20,FALSE,FALSE,NA,1,"2015-10-07T00:00:00Z"
"419",521,"autumn",NA,20,TRUE,TRUE,3,20,"2015-10-07T00:00:00Z"
"420",522,"autumn",NA,20,TRUE,TRUE,5,18,"2015-10-07T00:00:00Z"
"421",523,"autumn",NA,20,TRUE,TRUE,5,20,"2015-10-07T00:00:00Z"
"422",524,"autumn",3,20,FALSE,FALSE,3,1,"2015-10-07T00:00:00Z"
"423",525,"autumn",NA,20,FALSE,FALSE,NA,1,"2015-10-07T00:00:00Z"
"424",526,"autumn",20,25,FALSE,FALSE,5,15,"2015-10-09T00:00:00Z"
"425",527,"autumn",NA,25,FALSE,FALSE,NA,8,"2015-10-14T00:00:00Z"
"426",528,"autumn",NA,25,FALSE,FALSE,NA,4,"2015-10-07T00:00:00Z"
"427",529,"autumn",19,25,FALSE,FALSE,3,16,"2015-10-07T00:00:00Z"
"428",530,"autumn",NA,20,TRUE,TRUE,3,14,"2015-10-07T00:00:00Z"
"429",531,"autumn",13,25,FALSE,FALSE,3,10,"2015-10-07T00:00:00Z"
"430",532,"autumn",NA,25,TRUE,TRUE,2,17,"2015-10-07T00:00:00Z"
"431",533,"autumn",NA,25,TRUE,TRUE,2,17,"2015-10-07T00:00:00Z"
"432",534,"autumn",25,25,FALSE,FALSE,2,23,"2015-10-07T00:00:00Z"
"433",535,"autumn",NA,25,TRUE,TRUE,2,14,"2015-10-07T00:00:00Z"
"434",536,"autumn",NA,25,TRUE,TRUE,2,15,"2015-10-07T00:00:00Z"
"435",537,"autumn",NA,25,FALSE,TRUE,2,19,"2015-10-07T00:00:00Z"
"436",538,"autumn",NA,25,TRUE,TRUE,2,14,"2015-10-07T00:00:00Z"
"437",539,"autumn",NA,25,TRUE,TRUE,NA,17,"2015-10-07T00:00:00Z"
"438",540,"autumn",NA,25,FALSE,FALSE,NA,5,"2015-10-07T00:00:00Z"
"439",541,"autumn",4,20,FALSE,FALSE,4,1,"2015-10-07T00:00:00Z"
"440",542,"autumn",24,25,FALSE,FALSE,2,22,"2015-10-07T00:00:00Z"
"441",543,"autumn",NA,25,TRUE,TRUE,2,15,"2015-10-07T00:00:00Z"
"442",544,"autumn",NA,25,FALSE,FALSE,NA,12,"2015-10-07T00:00:00Z"
"443",545,"autumn",NA,25,FALSE,TRUE,2,12,"2015-10-07T00:00:00Z"
"444",546,"autumn",NA,25,FALSE,FALSE,NA,5,"2015-10-07T00:00:00Z"
"445",547,"autumn",NA,25,FALSE,TRUE,2,14,"2015-10-07T00:00:00Z"
"446",548,"autumn",4,25,FALSE,FALSE,4,1,"2015-10-19T00:00:00Z"
"447",549,"autumn",4,25,FALSE,FALSE,4,1,"2015-10-19T00:00:00Z"
"448",550,"autumn",4,25,FALSE,FALSE,4,1,"2015-10-19T00:00:00Z"
"449",551,"autumn",21,25,FALSE,FALSE,4,17,"2015-10-19T00:00:00Z"
"450",552,"autumn",4,20,FALSE,FALSE,4,1,"2015-10-07T00:00:00Z"
"451",553,"autumn",21,25,FALSE,FALSE,4,17,"2015-10-19T00:00:00Z"
"452",554,"autumn",4,25,FALSE,FALSE,4,1,"2015-10-19T00:00:00Z"
"453",555,"autumn",10,25,FALSE,FALSE,3,7,"2015-10-19T00:00:00Z"
"454",556,"autumn",NA,25,TRUE,TRUE,NA,11,"2015-10-19T00:00:00Z"
"455",557,"autumn",NA,25,FALSE,TRUE,3,12,"2015-10-19T00:00:00Z"
"456",558,"autumn",18,25,FALSE,FALSE,3,15,"2015-10-19T00:00:00Z"
"457",559,"autumn",13,25,FALSE,FALSE,3,10,"2015-10-19T00:00:00Z"
"458",560,"autumn",NA,25,FALSE,FALSE,NA,12,"2015-10-19T00:00:00Z"
"459",561,"autumn",13,25,FALSE,FALSE,2,11,"2015-10-20T00:00:00Z"
"460",562,"autumn",20,25,FALSE,FALSE,2,18,"2015-10-20T00:00:00Z"
"461",563,"autumn",NA,20,FALSE,TRUE,3,12,"2015-10-07T00:00:00Z"
"462",564,"autumn",18,25,FALSE,FALSE,2,16,"2015-10-20T00:00:00Z"
"463",565,"autumn",NA,25,FALSE,FALSE,NA,1,"2015-10-20T00:00:00Z"
"464",566,"autumn",13,25,FALSE,FALSE,2,11,"2015-10-20T00:00:00Z"
"465",567,"autumn",11,25,FALSE,FALSE,2,9,"2015-10-20T00:00:00Z"
"466",568,"autumn",NA,20,FALSE,FALSE,NA,9,NA
"467",569,"autumn",NA,20,FALSE,FALSE,NA,22,NA
"468",570,"autumn",NA,20,FALSE,FALSE,NA,7,NA
"469",571,"autumn",NA,20,FALSE,FALSE,NA,5,NA
"470",572,"autumn",NA,20,FALSE,FALSE,NA,22,NA
"471",573,"autumn",NA,20,FALSE,TRUE,NA,10,NA
"472",574,"autumn",NA,20,TRUE,TRUE,3,12,"2015-10-07T00:00:00Z"
"473",575,"autumn",NA,20,FALSE,FALSE,NA,1,NA
"474",576,"autumn",NA,20,TRUE,TRUE,NA,17,NA
"475",577,"autumn",NA,20,TRUE,TRUE,NA,17,NA
"476",578,"autumn",NA,20,FALSE,FALSE,NA,1,NA
"477",579,"autumn",NA,20,FALSE,FALSE,NA,1,NA
"478",580,"autumn",NA,20,FALSE,FALSE,NA,1,NA
"479",581,"autumn",NA,20,TRUE,TRUE,NA,15,NA
"480",582,"autumn",NA,20,FALSE,FALSE,NA,22,NA
"481",583,"autumn",NA,20,FALSE,FALSE,NA,1,NA
"482",584,"autumn",NA,20,TRUE,TRUE,NA,17,NA
"483",585,"autumn",NA,20,FALSE,TRUE,3,12,"2015-10-07T00:00:00Z"
"484",586,"autumn",NA,20,FALSE,TRUE,NA,22,NA
"485",587,"autumn",NA,20,FALSE,FALSE,NA,22,NA
"486",588,"autumn",NA,20,FALSE,FALSE,NA,1,"2015-10-07T00:00:00Z"
"487",589,"autumn",23,25,FALSE,FALSE,3,20,"2015-10-14T00:00:00Z"
"488",590,"autumn",NA,20,TRUE,TRUE,NA,12,NA
"489",591,"autumn",21,25,FALSE,FALSE,2,19,"2015-10-11T00:00:00Z"
"490",592,"autumn",NA,25,FALSE,FALSE,NA,8,"2015-10-14T00:00:00Z"
"491",593,"autumn",7,25,FALSE,FALSE,1,6,"2015-10-13T00:00:00Z"
"492",594,"autumn",18,25,FALSE,FALSE,2,16,"2015-10-14T00:00:00Z"
"493",595,"autumn",19,25,FALSE,FALSE,3,16,"2015-10-14T00:00:00Z"
"494",596,"autumn",NA,20,FALSE,TRUE,4,18,"2015-10-07T00:00:00Z"
"495",597,"autumn",NA,20,TRUE,TRUE,3,16,"2015-10-07T00:00:00Z"
"496",598,"autumn",NA,20,FALSE,FALSE,NA,1,"2015-10-07T00:00:00Z"
"497",599,"autumn",NA,20,FALSE,FALSE,NA,1,"2015-10-07T00:00:00Z"
"498",600,"autumn",NA,20,FALSE,FALSE,NA,1,"2015-10-07T00:00:00Z"
"499",601,"autumn",NA,20,FALSE,FALSE,NA,1,"2015-10-07T00:00:00Z"
"500",602,"autumn",NA,20,FALSE,FALSE,NA,1,"2015-10-07T00:00:00Z"
"501",603,"autumn",14,25,FALSE,FALSE,3,11,"2015-10-11T00:00:00Z"
"502",604,"autumn",NA,25,FALSE,FALSE,NA,4,"2015-10-13T00:00:00Z"
"503",605,"autumn",NA,25,TRUE,TRUE,2,14,"2015-10-07T00:00:00Z"
"504",606,"autumn",NA,25,FALSE,TRUE,2,14,"2015-10-07T00:00:00Z"
"505",607,"autumn",NA,25,FALSE,TRUE,2,14,"2015-10-07T00:00:00Z"
"506",608,"autumn",NA,25,TRUE,TRUE,2,15,"2015-10-07T00:00:00Z"
"507",609,"autumn",3,20,FALSE,FALSE,3,1,"2015-10-07T00:00:00Z"
"508",610,"autumn",3,20,FALSE,FALSE,3,1,"2015-10-07T00:00:00Z"
"509",611,"autumn",NA,20,FALSE,FALSE,NA,1,"2015-10-07T00:00:00Z"
"510",612,"autumn",3,20,FALSE,FALSE,3,1,"2015-10-07T00:00:00Z"
"511",613,"autumn",8,20,FALSE,FALSE,3,5,"2015-10-07T00:00:00Z"
"512",614,"autumn",8,20,FALSE,FALSE,3,5,"2015-10-07T00:00:00Z"
"513",615,"autumn",NA,20,FALSE,FALSE,NA,1,"2015-10-07T00:00:00Z"
"514",616,"autumn",NA,20,FALSE,TRUE,4,17,"2015-10-14T00:00:00Z"
"515",617,"autumn",NA,20,TRUE,TRUE,5,17,"2015-10-14T00:00:00Z"
"516",618,"autumn",9,20,FALSE,FALSE,5,4,"2015-10-14T00:00:00Z"
"517",619,"autumn",NA,20,TRUE,TRUE,5,17,"2015-10-14T00:00:00Z"
"518",620,"autumn",16,20,FALSE,FALSE,11,5,"2015-10-07T00:00:00Z"
"519",621,"autumn",NA,25,FALSE,FALSE,NA,1,"2015-10-13T00:00:00Z"
"520",622,"autumn",10,25,FALSE,FALSE,1,9,"2015-10-13T00:00:00Z"
"521",623,"autumn",10,25,FALSE,FALSE,2,8,"2015-10-13T00:00:00Z"
"522",624,"autumn",13,25,FALSE,FALSE,4,9,"2015-10-08T00:00:00Z"
"523",625,"autumn",13,25,FALSE,FALSE,4,9,"2015-10-08T00:00:00Z"
"524",626,"autumn",NA,25,FALSE,FALSE,NA,3,"2015-10-08T00:00:00Z"
"525",627,"autumn",13,25,FALSE,FALSE,4,9,"2015-10-08T00:00:00Z"
"526",628,"autumn",NA,25,FALSE,FALSE,NA,6,"2015-10-07T00:00:00Z"
"527",629,"autumn",NA,25,FALSE,FALSE,NA,4,"2015-10-07T00:00:00Z"
"528",630,"autumn",NA,25,TRUE,TRUE,2,14,"2015-10-07T00:00:00Z"
"529",631,"autumn",NA,25,FALSE,TRUE,2,14,"2015-10-07T00:00:00Z"
"530",632,"autumn",NA,20,FALSE,FALSE,NA,1,"2015-10-07T00:00:00Z"
"531",633,"autumn",NA,25,FALSE,FALSE,NA,6,"2015-10-07T00:00:00Z"
"532",634,"autumn",NA,25,FALSE,FALSE,NA,4,"2015-10-14T00:00:00Z"
"533",635,"autumn",NA,25,TRUE,TRUE,6,11,"2015-10-13T00:00:00Z"
"534",636,"autumn",NA,25,FALSE,FALSE,NA,6,"2015-10-13T00:00:00Z"
"535",637,"autumn",NA,25,FALSE,FALSE,NA,9,"2015-10-11T00:00:00Z"
"536",638,"autumn",NA,25,FALSE,TRUE,4,12,"2015-10-11T00:00:00Z"
"537",639,"autumn",NA,25,FALSE,FALSE,NA,1,"2015-10-09T00:00:00Z"
"538",640,"autumn",NA,25,TRUE,TRUE,1,16,"2015-10-09T00:00:00Z"
"539",641,"autumn",NA,25,FALSE,FALSE,NA,10,"2015-10-11T00:00:00Z"
"540",642,"autumn",17,20,FALSE,FALSE,4,13,"2015-10-09T00:00:00Z"
"541",643,"autumn",NA,20,TRUE,TRUE,3,16,"2015-10-07T00:00:00Z"
"542",644,"autumn",NA,20,FALSE,FALSE,NA,1,"2015-10-09T00:00:00Z"
"543",645,"autumn",14,20,FALSE,FALSE,4,10,"2015-10-09T00:00:00Z"
"544",646,"autumn",NA,20,TRUE,TRUE,4,17,"2015-10-09T00:00:00Z"
"545",647,"autumn",NA,20,FALSE,TRUE,4,15,"2015-10-09T00:00:00Z"
"546",648,"autumn",11,20,FALSE,FALSE,4,7,"2015-10-09T00:00:00Z"
"547",649,"autumn",13,25,FALSE,FALSE,1,12,"2015-10-09T00:00:00Z"
"548",650,"autumn",NA,25,TRUE,TRUE,1,13,"2015-10-09T00:00:00Z"
"549",651,"autumn",NA,25,TRUE,TRUE,1,13,"2015-10-09T00:00:00Z"
"550",652,"autumn",22,25,FALSE,FALSE,2,20,"2015-10-14T00:00:00Z"
"551",653,"autumn",18,20,FALSE,FALSE,12,6,"2015-10-09T00:00:00Z"
"552",654,"autumn",17,25,FALSE,FALSE,6,11,"2015-10-07T00:00:00Z"
"553",655,"autumn",18,20,FALSE,FALSE,12,6,"2015-10-09T00:00:00Z"
"554",656,"autumn",NA,20,FALSE,TRUE,4,17,"2015-10-09T00:00:00Z"
"555",657,"autumn",NA,20,TRUE,TRUE,4,15,"2015-10-09T00:00:00Z"
"556",658,"autumn",NA,20,TRUE,TRUE,4,15,"2015-10-09T00:00:00Z"
"557",659,"autumn",NA,20,TRUE,TRUE,4,15,"2015-10-09T00:00:00Z"
"558",660,"autumn",NA,20,FALSE,TRUE,2,14,"2015-10-19T00:00:00Z"
"559",661,"autumn",NA,20,TRUE,TRUE,1,14,"2015-10-19T00:00:00Z"
"560",662,"autumn",2,20,FALSE,FALSE,2,1,"2015-10-19T00:00:00Z"
"561",663,"autumn",NA,20,FALSE,FALSE,NA,1,"2015-10-19T00:00:00Z"
"562",664,"autumn",6,20,FALSE,FALSE,2,4,"2015-10-19T00:00:00Z"
"563",665,"autumn",18,25,FALSE,FALSE,3,15,"2015-10-14T00:00:00Z"
"564",666,"autumn",NA,20,FALSE,FALSE,NA,7,"2015-10-19T00:00:00Z"
"565",667,"autumn",16,25,FALSE,FALSE,3,13,"2015-10-07T00:00:00Z"
"566",668,"autumn",NA,25,FALSE,FALSE,NA,10,"2015-10-11T00:00:00Z"
"567",669,"autumn",NA,25,FALSE,FALSE,NA,4,"2015-10-07T00:00:00Z"
"568",670,"autumn",NA,25,FALSE,FALSE,NA,9,"2015-10-13T00:00:00Z"
"569",671,"autumn",NA,25,TRUE,TRUE,1,14,"2015-10-13T00:00:00Z"
"570",672,"autumn",NA,25,FALSE,FALSE,NA,5,"2015-10-13T00:00:00Z"
"571",673,"autumn",NA,25,FALSE,FALSE,NA,5,"2015-10-13T00:00:00Z"
"572",674,"autumn",11,25,FALSE,FALSE,4,7,"2015-10-13T00:00:00Z"
"573",675,"autumn",14,25,FALSE,FALSE,1,13,"2015-10-13T00:00:00Z"
"574",676,"autumn",13,25,FALSE,FALSE,1,12,"2015-10-13T00:00:00Z"
"575",677,"autumn",14,25,FALSE,FALSE,2,12,"2015-10-13T00:00:00Z"
"576",678,"autumn",NA,20,TRUE,TRUE,NA,15,NA
"577",679,"autumn",NA,20,FALSE,FALSE,NA,3,NA
"578",680,"autumn",NA,20,FALSE,TRUE,NA,10,NA
"579",681,"autumn",14,25,FALSE,FALSE,1,13,"2015-10-13T00:00:00Z"
"580",682,"autumn",NA,20,TRUE,TRUE,NA,10,NA
"581",683,"autumn",NA,20,FALSE,FALSE,NA,1,NA
"582",684,"autumn",NA,20,FALSE,FALSE,NA,9,NA
"583",685,"autumn",NA,20,FALSE,TRUE,NA,13,NA
"584",686,"autumn",NA,20,FALSE,TRUE,NA,17,NA
"585",687,"autumn",NA,20,FALSE,FALSE,NA,2,NA
"586",688,"autumn",NA,20,TRUE,TRUE,NA,10,NA
"587",689,"autumn",NA,20,TRUE,TRUE,NA,10,NA
"588",690,"autumn",NA,20,TRUE,TRUE,NA,10,NA
"589",691,"autumn",NA,20,TRUE,TRUE,NA,10,NA
"590",692,"autumn",NA,25,FALSE,TRUE,1,14,"2015-10-13T00:00:00Z"
"591",693,"autumn",NA,25,TRUE,TRUE,1,16,"2015-10-13T00:00:00Z"
"592",694,"autumn",NA,25,FALSE,FALSE,NA,6,"2015-10-07T00:00:00Z"
"593",695,"autumn",18,25,FALSE,FALSE,4,14,"2015-10-11T00:00:00Z"
"594",696,"autumn",NA,25,FALSE,FALSE,NA,5,"2015-10-11T00:00:00Z"
"595",697,"autumn",23,25,FALSE,FALSE,5,18,"2015-10-09T00:00:00Z"
"596",698,"autumn",10,25,FALSE,FALSE,4,6,"2015-10-09T00:00:00Z"
"597",699,"autumn",NA,25,FALSE,TRUE,NA,12,"2015-10-14T00:00:00Z"
"598",700,"autumn",NA,20,TRUE,TRUE,NA,10,NA
"599",701,"autumn",NA,25,TRUE,TRUE,3,11,"2015-10-14T00:00:00Z"
"600",702,"autumn",NA,25,TRUE,TRUE,3,11,"2015-10-14T00:00:00Z"
"601",703,"autumn",NA,25,TRUE,TRUE,3,11,"2015-10-14T00:00:00Z"
"602",704,"autumn",NA,25,TRUE,TRUE,3,11,"2015-10-14T00:00:00Z"
"603",705,"autumn",NA,25,FALSE,TRUE,3,11,"2015-10-14T00:00:00Z"
"604",706,"autumn",NA,25,TRUE,TRUE,3,11,"2015-10-14T00:00:00Z"
"605",707,"autumn",14,25,FALSE,FALSE,2,12,"2015-10-14T00:00:00Z"
"606",708,"autumn",NA,25,FALSE,TRUE,2,14,"2015-10-14T00:00:00Z"
"607",709,"autumn",14,25,FALSE,FALSE,2,12,"2015-10-14T00:00:00Z"
"608",710,"autumn",NA,25,FALSE,TRUE,4,13,"2015-10-09T00:00:00Z"
"609",711,"autumn",10,25,FALSE,FALSE,2,8,"2015-10-14T00:00:00Z"
"610",712,"autumn",NA,25,TRUE,TRUE,2,12,"2015-10-14T00:00:00Z"
"611",713,"autumn",NA,25,TRUE,TRUE,2,12,"2015-10-14T00:00:00Z"
"612",714,"autumn",NA,25,TRUE,TRUE,NA,8,NA
"613",715,"autumn",NA,25,FALSE,TRUE,NA,6,NA
"614",716,"autumn",NA,25,TRUE,TRUE,NA,6,NA
"615",717,"autumn",13,25,FALSE,FALSE,7,6,NA
"616",718,"autumn",8,25,FALSE,FALSE,5,3,NA
"617",719,"autumn",NA,25,TRUE,TRUE,NA,6,NA
"618",720,"autumn",NA,20,FALSE,FALSE,NA,17,"2015-10-14T00:00:00Z"
"619",721,"autumn",19,25,FALSE,FALSE,2,17,"2015-10-09T00:00:00Z"
"620",722,"autumn",NA,20,FALSE,TRUE,NA,13,"2015-10-14T00:00:00Z"
"621",723,"autumn",NA,20,FALSE,FALSE,NA,1,"2015-10-14T00:00:00Z"
"622",724,"autumn",NA,20,FALSE,FALSE,NA,1,"2015-10-14T00:00:00Z"
"623",725,"autumn",NA,20,TRUE,TRUE,NA,11,"2015-10-14T00:00:00Z"
"624",726,"autumn",NA,20,FALSE,FALSE,NA,1,"2015-10-14T00:00:00Z"
"625",727,"autumn",NA,20,FALSE,FALSE,NA,1,"2015-10-14T00:00:00Z"
"626",728,"autumn",NA,20,TRUE,TRUE,NA,13,"2015-10-14T00:00:00Z"
"627",729,"autumn",NA,20,TRUE,TRUE,NA,13,"2015-10-14T00:00:00Z"
"628",730,"autumn",NA,20,FALSE,FALSE,NA,1,"2015-10-14T00:00:00Z"
"629",731,"autumn",NA,20,FALSE,FALSE,NA,2,"2015-10-14T00:00:00Z"
"630",732,"autumn",18,25,FALSE,FALSE,2,16,"2015-10-09T00:00:00Z"
"631",733,"autumn",NA,20,FALSE,FALSE,NA,1,"2015-10-14T00:00:00Z"
"632",734,"autumn",NA,20,TRUE,TRUE,NA,NA,"2015-10-14T00:00:00Z"
"633",735,"autumn",NA,20,FALSE,FALSE,NA,1,"2015-10-14T00:00:00Z"
"634",736,"autumn",NA,20,FALSE,TRUE,NA,13,"2015-10-14T00:00:00Z"
"635",737,"autumn",NA,20,FALSE,FALSE,NA,2,"2015-10-14T00:00:00Z"
"636",738,"autumn",NA,20,FALSE,TRUE,NA,13,"2015-10-14T00:00:00Z"
"637",739,"autumn",NA,20,FALSE,FALSE,NA,1,"2015-10-14T00:00:00Z"
"638",740,"autumn",NA,20,FALSE,FALSE,NA,1,"2015-10-14T00:00:00Z"
"639",741,"autumn",NA,20,FALSE,FALSE,NA,1,"2015-10-14T00:00:00Z"
"640",742,"autumn",NA,20,FALSE,FALSE,NA,1,"2015-10-14T00:00:00Z"
"641",743,"autumn",NA,25,TRUE,TRUE,NA,12,"2015-10-14T00:00:00Z"
"642",744,"autumn",NA,20,FALSE,FALSE,NA,1,"2015-10-14T00:00:00Z"
"643",745,"autumn",NA,20,FALSE,TRUE,NA,13,"2015-10-14T00:00:00Z"
"644",746,"autumn",NA,20,FALSE,FALSE,NA,1,"2015-10-14T00:00:00Z"
"645",747,"autumn",NA,20,TRUE,TRUE,NA,NA,"2015-10-14T00:00:00Z"
"646",748,"autumn",NA,20,FALSE,FALSE,NA,3,"2015-10-14T00:00:00Z"
"647",749,"autumn",NA,20,FALSE,FALSE,NA,1,"2015-10-14T00:00:00Z"
"648",750,"autumn",NA,20,FALSE,TRUE,NA,10,"2015-10-14T00:00:00Z"
"649",751,"autumn",31,20,FALSE,FALSE,8,23,"2015-10-14T00:00:00Z"
"650",752,"autumn",NA,20,TRUE,TRUE,NA,15,"2015-10-14T00:00:00Z"
"651",753,"autumn",NA,20,TRUE,TRUE,NA,15,NA
"652",754,"autumn",NA,25,FALSE,FALSE,NA,14,"2015-10-14T00:00:00Z"
"653",755,"autumn",NA,20,FALSE,TRUE,NA,13,NA
"654",756,"autumn",NA,20,FALSE,FALSE,NA,16,NA
"655",757,"autumn",NA,20,TRUE,TRUE,NA,13,NA
"656",758,"autumn",NA,20,TRUE,TRUE,NA,13,NA
"657",759,"autumn",NA,20,FALSE,FALSE,NA,14,NA
"658",760,"autumn",NA,20,FALSE,FALSE,NA,2,NA
"659",761,"autumn",NA,20,FALSE,FALSE,NA,12,NA
"660",762,"autumn",NA,20,FALSE,FALSE,NA,3,NA
"661",763,"autumn",NA,20,TRUE,TRUE,NA,10,NA
"662",764,"autumn",NA,20,FALSE,FALSE,NA,13,NA
"663",765,"autumn",NA,25,FALSE,FALSE,NA,14,"2015-10-14T00:00:00Z"
"664",766,"autumn",NA,20,TRUE,TRUE,NA,14,NA
"665",767,"autumn",NA,20,FALSE,FALSE,NA,2,NA
"666",768,"autumn",NA,20,FALSE,FALSE,NA,1,NA
"667",769,"autumn",NA,25,FALSE,TRUE,NA,12,"2015-10-14T00:00:00Z"
"668",770,"autumn",NA,25,TRUE,TRUE,NA,12,"2015-10-14T00:00:00Z"
"669",771,"autumn",NA,25,TRUE,TRUE,2,13,"2015-10-13T00:00:00Z"
"670",772,"autumn",NA,25,FALSE,TRUE,2,11,"2015-10-13T00:00:00Z"
"671",773,"autumn",NA,25,TRUE,TRUE,2,11,"2015-10-13T00:00:00Z"
"672",774,"autumn",11,25,FALSE,FALSE,2,9,"2015-10-13T00:00:00Z"
"673",775,"autumn",9,25,FALSE,FALSE,2,7,"2015-10-13T00:00:00Z"
"674",776,"autumn",7,25,FALSE,FALSE,2,5,"2015-10-13T00:00:00Z"
"675",777,"autumn",9,25,FALSE,FALSE,2,7,"2015-10-13T00:00:00Z"
"676",778,"autumn",NA,25,FALSE,FALSE,NA,12,NA
"677",779,"autumn",NA,25,FALSE,FALSE,NA,2,NA
"678",780,"autumn",NA,25,TRUE,TRUE,1,13,"2015-10-13T00:00:00Z"
"679",781,"autumn",12,25,FALSE,FALSE,2,10,"2015-10-13T00:00:00Z"
"680",782,"autumn",NA,25,TRUE,TRUE,2,11,"2015-10-13T00:00:00Z"
"681",783,"autumn",23,25,FALSE,FALSE,2,21,"2015-10-13T00:00:00Z"
"682",784,"autumn",NA,25,TRUE,TRUE,2,11,"2015-10-13T00:00:00Z"
"683",785,"autumn",9,25,FALSE,FALSE,2,7,"2015-10-13T00:00:00Z"
"684",786,"autumn",NA,25,FALSE,TRUE,1,13,"2015-10-13T00:00:00Z"
"685",787,"autumn",NA,25,FALSE,TRUE,1,13,"2015-10-13T00:00:00Z"
"686",788,"autumn",NA,25,TRUE,TRUE,1,13,"2015-10-13T00:00:00Z"
"687",789,"autumn",NA,25,TRUE,TRUE,2,13,"2015-10-13T00:00:00Z"
"688",790,"autumn",NA,25,FALSE,TRUE,2,11,"2015-10-13T00:00:00Z"
"689",791,"autumn",NA,25,FALSE,TRUE,2,11,"2015-10-13T00:00:00Z"
"690",792,"autumn",NA,25,TRUE,TRUE,2,13,"2015-10-13T00:00:00Z"
"691",793,"autumn",NA,25,FALSE,TRUE,2,13,"2015-10-13T00:00:00Z"
"692",794,"autumn",NA,20,FALSE,FALSE,NA,1,"2015-10-07T00:00:00Z"
"693",795,"autumn",NA,20,FALSE,FALSE,NA,1,"2015-10-07T00:00:00Z"
"694",796,"autumn",NA,20,FALSE,FALSE,NA,1,"2015-10-07T00:00:00Z"
"695",797,"autumn",NA,20,FALSE,TRUE,NA,12,"2015-10-07T00:00:00Z"
"696",798,"autumn",NA,25,FALSE,FALSE,NA,8,NA
"697",799,"autumn",NA,25,FALSE,TRUE,3,14,"2015-10-09T00:00:00Z"
"698",800,"autumn",NA,25,FALSE,FALSE,NA,8,"2015-10-09T00:00:00Z"
"699",801,"autumn",NA,20,FALSE,TRUE,NA,15,NA
"700",802,"autumn",NA,20,TRUE,TRUE,NA,15,NA
"701",803,"autumn",NA,20,TRUE,TRUE,NA,15,NA
"702",804,"autumn",NA,20,TRUE,TRUE,NA,10,NA
"703",805,"autumn",NA,20,FALSE,TRUE,NA,13,"2015-10-19T00:00:00Z"
"704",806,"autumn",NA,20,TRUE,TRUE,NA,22,"2015-10-19T00:00:00Z"
"705",807,"autumn",NA,20,TRUE,TRUE,NA,10,"2015-10-19T00:00:00Z"
"706",808,"autumn",NA,20,FALSE,FALSE,NA,1,"2015-10-19T00:00:00Z"
"707",809,"autumn",NA,20,FALSE,TRUE,NA,15,"2015-10-19T00:00:00Z"
"708",810,"autumn",NA,20,FALSE,FALSE,NA,23,"2015-10-19T00:00:00Z"
"709",811,"autumn",NA,20,TRUE,TRUE,NA,10,"2015-10-19T00:00:00Z"
"710",812,"autumn",NA,20,TRUE,TRUE,NA,10,"2015-10-19T00:00:00Z"
"711",813,"autumn",NA,20,TRUE,TRUE,NA,10,"2015-10-19T00:00:00Z"
"712",814,"autumn",NA,20,FALSE,FALSE,NA,4,"2015-10-19T00:00:00Z"
"713",815,"autumn",NA,20,TRUE,TRUE,NA,10,"2015-10-19T00:00:00Z"
"714",816,"autumn",NA,20,TRUE,TRUE,NA,8,"2015-10-19T00:00:00Z"
"715",817,"autumn",NA,20,TRUE,TRUE,NA,12,"2015-10-19T00:00:00Z"
"716",818,"autumn",NA,20,TRUE,TRUE,NA,12,"2015-10-19T00:00:00Z"
"717",819,"autumn",NA,20,FALSE,FALSE,NA,23,"2015-10-19T00:00:00Z"
"718",820,"autumn",NA,20,FALSE,FALSE,NA,4,"2015-10-19T00:00:00Z"
"719",821,"autumn",NA,20,FALSE,FALSE,NA,2,"2015-10-19T00:00:00Z"
"720",822,"autumn",NA,20,TRUE,TRUE,NA,13,"2015-10-19T00:00:00Z"
"721",823,"autumn",NA,20,FALSE,FALSE,NA,9,"2015-10-19T00:00:00Z"
"722",824,"autumn",NA,20,FALSE,TRUE,NA,10,"2015-10-19T00:00:00Z"
"723",825,"autumn",NA,20,TRUE,TRUE,NA,10,"2015-10-19T00:00:00Z"
"724",826,"autumn",NA,20,FALSE,TRUE,NA,13,"2015-10-19T00:00:00Z"
"725",827,"autumn",NA,20,TRUE,TRUE,NA,5,"2015-10-19T00:00:00Z"
"726",828,"spring",7,20,FALSE,FALSE,4,3,"2015-05-23T00:00:00Z"
"727",829,"spring",NA,20,FALSE,FALSE,NA,2,NA
"728",830,"autumn",NA,20,TRUE,TRUE,NA,10,NA
"729",831,"tdt",33,22,TRUE,TRUE,5,19,"2018-08-04T00:00:00Z"
"730",832,"tdt",33,22,TRUE,TRUE,5,19,"2018-08-04T00:00:00Z"
"731",833,"tdt",33,22,TRUE,TRUE,5,19,"2018-08-04T00:00:00Z"
"732",834,"tdt",16,22,FALSE,FALSE,5,11,"2018-08-04T00:00:00Z"
"733",835,"tdt",31,22,TRUE,TRUE,5,17,"2018-08-04T00:00:00Z"
"734",836,"tdt",NA,22,FALSE,TRUE,5,20,"2018-08-04T00:00:00Z"
"735",837,"tdt",34,22,TRUE,TRUE,5,20,"2018-08-04T00:00:00Z"
"736",838,"tdt",31,22,TRUE,TRUE,5,17,"2018-08-04T00:00:00Z"
"737",839,"tdt",33,22,TRUE,TRUE,5,19,"2018-08-04T00:00:00Z"
"738",840,"tdt",31,22,TRUE,TRUE,5,17,"2018-08-04T00:00:00Z"
