article_fig,article,fig,id,cum_eggs,ci95,n,day,se_cum,sd,sd2n,eggs_past,sd2n_past,daily_eggs,se,mean_temp,peak_temp,light,dvt,mat_system,others,origin,sqrt_daily_eggs,sqrt_ci95,sqrt_se,ci95_upp,ci95_low,se_from_ci,treat
friberg2015_fig2a,friberg2015,fig2a,napi_day1,4.284630609233897,3.9739465256036546,50,1,2.027523737552885,14.336757838403388,4.11085250634042,0,0,4.284630609233897,2.027523737552885,18.333333333333336,25,16L:8D,direct,mono,5hostplants,stockholm,NA,NA,NA,NA,NA,NA,20
friberg2015_fig2a,friberg2015,fig2a,napi_day2,8.826283781352366,4.541653172118451,50,2,2.31716998577472,16.384866101032404,5.369276742975217,4.284630609233897,4.11085250634042,4.541653172118469,3.078981852709697,18.333333333333336,25,16L:8D,direct,mono,5hostplants,stockholm,NA,NA,NA,NA,NA,NA,20
friberg2015_fig2a,friberg2015,fig2a,napi_day3,18.477296772104083,3.9739465256036723,50,3,2.0275237375528943,14.336757838403456,4.110852506340459,8.826283781352366,5.369276742975217,9.651012990751717,3.078981852709703,18.333333333333336,25,16L:8D,direct,mono,5hostplants,stockholm,NA,NA,NA,NA,NA,NA,20
friberg2015_fig2a,friberg2015,fig2a,napi_day4,26.992896469826206,6.244773111662894,50,4,3.1861087304402522,22.529190888919643,10.151288842187597,18.477296772104083,4.110852506340459,8.515599697722124,3.776525036131504,18.333333333333336,25,16L:8D,direct,mono,5hostplants,stockholm,NA,NA,NA,NA,NA,NA,20
friberg2015_fig2a,friberg2015,fig2a,napi_day5,35.50849616754832,8.515599697722116,50,5,4.344693723327611,30.721623939435833,18.87636354952234,26.992896469826206,10.151288842187597,8.515599697722116,5.387731655503078,18.333333333333336,25,16L:8D,direct,mono,5hostplants,stockholm,NA,NA,NA,NA,NA,NA,20
friberg2015_fig2a,friberg2015,fig2a,napi_day6,44.59180251178526,11.921839576810967,50,6,6.082571212658657,43.01027351521018,36.99767255706381,35.50849616754832,18.87636354952234,9.083306344236938,7.4748937187485245,18.333333333333336,25,16L:8D,direct,mono,5hostplants,stockholm,NA,NA,NA,NA,NA,NA,20
friberg2015_fig2a,friberg2015,fig2a,napi_day7,49.701162330418526,15.328079455899811,50,7,7.8204487019897,55.29892309098451,61.15941790045239,44.59180251178526,36.99767255706381,5.109359818633266,9.907426025841232,18.333333333333336,25,16L:8D,direct,mono,5hostplants,stockholm,NA,NA,NA,NA,NA,NA,20
larsdotter2010_fig3,larsdotter2010,fig3,young_direct_day1,NA,NA,NA,1,NA,NA,NA,NA,NA,2.92646651635616,1.4052660342646626,23,23,20L:4D,direct,mono,young,stockholm,1.710691823899372,0.8050314465408808,0.41073032986779634,6.328863573434601,0.8202207191171248,1.4052660342646623,25
larsdotter2010_fig3,larsdotter2010,fig3,young_direct_day2,NA,NA,NA,2,NA,NA,NA,NA,NA,11.36410743245917,2.942275759241636,23,23,20L:4D,direct,mono,young,stockholm,3.3710691823899386,0.8553459119496858,0.43640097548453355,17.862584549661815,6.328863573434601,2.942275759241636,25
larsdotter2010_fig3,larsdotter2010,fig3,young_direct_day3,NA,NA,NA,3,NA,NA,NA,NA,NA,14.050710019382148,3.7527577780845314,23,23,20L:4D,direct,mono,young,stockholm,3.7484276729559753,0.9811320754716975,0.5005775895263762,22.36873541394723,7.657924923855867,3.752757778084532,25
larsdotter2010_fig3,larsdotter2010,fig3,young_direct_day5,NA,NA,NA,5,NA,NA,NA,NA,NA,9.574937700249203,3.177347834826352,23,23,20L:4D,direct,mono,young,stockholm,3.09433962264151,1.0062893081761017,0.5134129123347458,16.81515762825839,4.35995411573909,3.177347834826352,25
larsdotter2010_fig3,larsdotter2010,fig3,young_direct_day4,NA,NA,NA,4,NA,NA,NA,NA,NA,10.047703809184767,3.25484412348065,23,23,20L:4D,direct,mono,young,stockholm,3.1698113207547176,1.0062893081761008,0.5134129123347453,17.439816462956376,4.680827498912229,3.2548441234806496,25
larsdotter2010_fig3,larsdotter2010,fig3,young_direct_day6,NA,NA,NA,6,NA,NA,NA,NA,NA,5.013092836517546,2.126627321155115,23,23,20L:4D,direct,mono,young,stockholm,2.2389937106918247,0.9308176100628929,0.4749069439096392,10.047703809184767,1.7113247102567173,2.126627321155115,25
larsdotter2010_fig3,larsdotter2010,fig3,young_direct_day7,NA,NA,NA,7,NA,NA,NA,NA,NA,7.797792808828766,2.8673626802091468,23,23,20L:4D,direct,mono,young,stockholm,2.7924528301886795,1.0062893081761017,0.5134129123347458,14.430441833788231,3.1903801273683765,2.8673626802091468,25
larsdotter2010_fig3,larsdotter2010,fig3,young_diap_day1,NA,NA,NA,1,NA,NA,NA,NA,NA,20.052371346070178,3.448584845116406,23,23,20L:4D,diap,mono,young,stockholm,4.477987421383649,0.7547169811320762,0.3850596842510593,27.381195364107448,13.862742771251138,3.4485848451164056,25
larsdotter2010_fig3,larsdotter2010,fig3,young_diap_day2,NA,NA,NA,2,NA,NA,NA,NA,NA,33.47968830346901,4.604571150876394,23,23,20L:4D,diap,mono,young,stockholm,5.786163522012579,0.7798742138364778,0.3978950070594275,43.11285154859381,25.062932637158347,4.604571150876393,25
larsdotter2010_fig3,larsdotter2010,fig3,young_diap_day3,NA,NA,NA,3,NA,NA,NA,NA,NA,24.065503737985054,4.407601417213378,23,23,20L:4D,diap,mono,young,stockholm,4.905660377358491,0.8805031446540879,0.44923629829290196,33.47968830346901,16.20189074799257,4.407601417213377,25
larsdotter2010_fig3,larsdotter2010,fig3,young_diap_day4,NA,NA,NA,4,NA,NA,NA,NA,NA,20.505517977928104,4.068555154350812,23,23,20L:4D,diap,mono,young,stockholm,4.5283018867924545,0.8805031446540879,0.44923629829290196,29.255171868201433,13.30643566314625,4.068555154350812,25
larsdotter2010_fig3,larsdotter2010,fig3,young_diap_day5,NA,NA,NA,5,NA,NA,NA,NA,NA,19.382144693643454,4.2945859962591895,23,23,20L:4D,diap,mono,young,stockholm,4.402515723270441,0.9559748427672954,0.48774226671800786,28.713421146315422,11.878644040979399,4.2945859962591895,25
larsdotter2010_fig3,larsdotter2010,fig3,young_diap_day6,NA,NA,NA,6,NA,NA,NA,NA,NA,10.047703809184767,3.0107308142196043,23,23,20L:4D,diap,mono,young,stockholm,3.1698113207547176,0.9308176100628942,0.4749069439096399,16.81515762825839,5.013092836517541,3.0107308142196048,25
larsdotter2010_fig3,larsdotter2010,fig3,young_diap_day7,NA,NA,NA,7,NA,NA,NA,NA,NA,7.111111111111115,2.601292089162709,23,23,20L:4D,diap,mono,young,stockholm,2.6666666666666674,0.9559748427672954,0.48774226671800786,13.12353150587398,2.92646651635616,2.601292089162709,25
larsdotter2010_fig3,larsdotter2010,fig3,old_diap_day7,NA,NA,NA,7,NA,NA,NA,NA,NA,5.59218385348681,1.5783410789259327,23,23,20L:4D,diap,mono,old,stockholm,2.364779874213837,0.6540880503144648,0.3337183930175841,9.113563545745816,2.92646651635616,1.5783410789259327,25
larsdotter2010_fig3,larsdotter2010,fig3,old_direct_day7,NA,NA,NA,7,NA,NA,NA,NA,NA,8.812309639650337,2.0575264637716923,23,23,20L:4D,direct,mono,old,stockholm,2.968553459119498,0.6792452830188664,0.3465537158259523,13.306435663146233,5.2409319251612,2.057526463771692,25
larsdotter2010_fig3,larsdotter2010,fig3,old_diap_day6,NA,NA,NA,6,NA,NA,NA,NA,NA,7.111111111111115,1.5744662644932188,23,23,20L:4D,diap,mono,old,stockholm,2.6666666666666674,0.5786163522012577,0.29521242459247843,10.531861872552513,4.359954115739097,1.5744662644932186,25
larsdotter2010_fig3,larsdotter2010,fig3,old_direct_day6,NA,NA,NA,6,NA,NA,NA,NA,NA,10.047703809184767,2.1970197833494383,23,23,20L:4D,direct,mono,old,stockholm,3.1698113207547176,0.6792452830188678,0.34655371582595296,14.815236739053047,6.202919188323251,2.1970197833494374,25
larsdotter2010_fig3,larsdotter2010,fig3,old_diap_day5,NA,NA,NA,5,NA,NA,NA,NA,NA,9.888849333491564,2.0181325170390947,23,23,20L:4D,diap,mono,old,stockholm,3.144654088050316,0.6289308176100632,0.3208830702092159,14.239943040227853,6.328863573434601,2.018132517039095,25
larsdotter2010_fig3,larsdotter2010,fig3,old_direct_day5,NA,NA,NA,5,NA,NA,NA,NA,NA,11.195126775048454,2.40496815790515,23,23,20L:4D,direct,mono,old,stockholm,3.3459119496855343,0.7044025157232716,0.35938903863432226,16.40504726869982,6.977572089711633,2.4049681579051505,25
larsdotter2010_fig3,larsdotter2010,fig3,old_diap_day4,NA,NA,NA,4,NA,NA,NA,NA,NA,13.862742771251147,2.5806264121882294,23,23,20L:4D,diap,mono,old,stockholm,3.7232704402515737,0.6792452830188678,0.34655371582595296,19.38214469364346,9.2660891578656,2.58062641218823,25
larsdotter2010_fig3,larsdotter2010,fig3,old_direct_day4,NA,NA,NA,4,NA,NA,NA,NA,NA,17.862584549661815,2.929359711132581,23,23,20L:4D,direct,mono,old,stockholm,4.226415094339624,0.6792452830188669,0.3465537158259525,24.065503737985054,12.582413670345339,2.92935971113258,25
larsdotter2010_fig3,larsdotter2010,fig3,old_diap_day3,NA,NA,NA,3,NA,NA,NA,NA,NA,14.23994304022785,2.3248886596290386,23,23,20L:4D,diap,mono,old,stockholm,3.7735849056603787,0.6037735849056611,0.3080477474008475,19.161267354930605,10.047703809184767,2.32488865962904,25
larsdotter2010_fig3,larsdotter2010,fig3,old_direct_day3,NA,NA,NA,3,NA,NA,NA,NA,NA,20.733989952929093,2.922255884672611,23,23,20L:4D,direct,mono,old,stockholm,4.553459119496857,0.6289308176100636,0.32088307020921614,26.857165460227073,15.401922392310437,2.922255884672611,25
larsdotter2010_fig3,larsdotter2010,fig3,old_diap_day2,NA,NA,NA,2,NA,NA,NA,NA,NA,18.5062299750801,2.539940860644728,23,23,20L:4D,diap,mono,old,stockholm,4.30188679245283,0.5786163522012595,0.29521242459247937,23.819310944978458,13.862742771251124,2.539940860644728,25
larsdotter2010_fig3,larsdotter2010,fig3,old_direct_day2,NA,NA,NA,2,NA,NA,NA,NA,NA,17.2303310786757,2.6639349224916087,23,23,20L:4D,direct,mono,old,stockholm,4.150943396226417,0.6289308176100641,0.32088307020921636,22.84719750009891,12.404572603931811,2.6639349224916073,25
larsdotter2010_fig3,larsdotter2010,fig3,old_diap_day1,NA,NA,NA,1,NA,NA,NA,NA,NA,24.811676753293003,2.557377525591934,23,23,20L:4D,diap,mono,old,stockholm,4.9811320754717,0.5031446540880493,0.2567064561673721,30.077291246390576,20.052371346070196,2.5573775255919338,25
larsdotter2010_fig3,larsdotter2010,fig3,old_direct_day1,NA,NA,NA,1,NA,NA,NA,NA,NA,22.36873541394723,2.7924496011766426,23,23,20L:4D,direct,mono,old,stockholm,4.729559748427673,0.578616352201256,0.29521242459247754,28.176733515288138,17.2303310786757,2.792449601176642,25
valimaki2006_fig1,valimaki2006,fig1,hmr_day1,2.3999999999999986,3.999999999999993,12,1,2.0408163265306087,7.069595132934181,4.164931278633888,0,0,2.3999999999999986,2.0408163265306087,24.166666666666664,30,10L:20D,NA,poly,artifical_selection,stockholm,NA,NA,NA,NA,NA,NA,25
valimaki2006_fig1,valimaki2006,fig1,hmr_day2,20,3.999999999999993,12,2,2.0408163265306087,7.069595132934181,4.164931278633888,2.3999999999999986,4.164931278633888,17.6,2.8861501272920256,24.166666666666664,30,10L:20D,NA,poly,artifical_selection,stockholm,NA,NA,NA,NA,NA,NA,25
valimaki2006_fig1,valimaki2006,fig1,hmr_day3,29.60000000000001,9.600000000000009,12,3,4.897959183673474,16.96702831904208,23.99000416493132,20,4.164931278633888,9.600000000000009,5.306122448979594,24.166666666666664,30,10L:20D,NA,poly,artifical_selection,stockholm,NA,NA,NA,NA,NA,NA,25
valimaki2006_fig1,valimaki2006,fig1,hmr_day4,48.000000000000014,13.599999999999994,12,4,6.938775510204079,24.036623451976244,48.14660558100786,29.60000000000001,23.99000416493132,18.400000000000006,8.4933273659938,24.166666666666664,30,10L:20D,NA,poly,artifical_selection,stockholm,NA,NA,NA,NA,NA,NA,25
valimaki2006_fig1,valimaki2006,fig1,hmr_day5,57.60000000000001,15.999999999999986,12,5,8.163265306122442,28.278380531736747,66.63890045814232,48.000000000000014,48.14660558100786,9.599999999999994,10.713799794617696,24.166666666666664,30,10L:20D,NA,poly,artifical_selection,stockholm,NA,NA,NA,NA,NA,NA,25
valimaki2006_fig1,valimaki2006,fig1,hmr_day6,86.4,15.999999999999986,12,6,8.163265306122442,28.278380531736747,66.63890045814232,57.60000000000001,66.63890045814232,28.799999999999997,11.544600509168113,24.166666666666664,30,10L:20D,NA,poly,artifical_selection,stockholm,NA,NA,NA,NA,NA,NA,25
valimaki2006_fig1,valimaki2006,fig1,hmr_day7,116.80000000000004,16.80000000000001,12,7,8.571428571428577,29.692299558323626,73.46938775510212,86.4,66.63890045814232,30.400000000000034,11.836734693877549,24.166666666666664,30,10L:20D,NA,poly,artifical_selection,stockholm,NA,NA,NA,NA,NA,NA,25
valimaki2006_fig1,valimaki2006,fig1,hmr_day8,132.8,16.80000000000001,12,8,8.571428571428577,29.692299558323626,73.46938775510212,116.80000000000004,73.46938775510212,15.999999999999972,12.121830534626536,24.166666666666664,30,10L:20D,NA,poly,artifical_selection,stockholm,NA,NA,NA,NA,NA,NA,25
valimaki2006_fig1,valimaki2006,fig1,hmr_day9,142.4,14.399999999999977,12,9,7.346938775510193,25.450542478563055,53.97750937109521,132.8,73.46938775510212,9.599999999999994,11.289238110970878,24.166666666666664,30,10L:20D,NA,poly,artifical_selection,stockholm,NA,NA,NA,NA,NA,NA,25
valimaki2006_fig1,valimaki2006,fig1,hmr_day10,144.8,13.600000000000051,12,10,6.938775510204108,24.036623451976347,48.14660558100828,142.4,53.97750937109521,2.4000000000000057,10.10564767603262,24.166666666666664,30,10L:20D,NA,poly,artifical_selection,stockholm,NA,NA,NA,NA,NA,NA,25
valimaki2006_fig1,valimaki2006,fig1,hmr_day11,144.8,15.200000000000017,12,11,7.755102040816335,26.86446150514996,60.14160766347368,144.8,48.14660558100828,0,10.40616227263836,24.166666666666664,30,10L:20D,NA,poly,artifical_selection,stockholm,NA,NA,NA,NA,NA,NA,25
valimaki2006_fig1,valimaki2006,fig1,hmr_day12,144.8,13.600000000000051,12,12,6.938775510204108,24.036623451976347,48.14660558100828,144.8,60.14160766347368,0,10.40616227263836,24.166666666666664,30,10L:20D,NA,poly,artifical_selection,stockholm,NA,NA,NA,NA,NA,NA,25
valimaki2006_fig1,valimaki2006,fig1,hmr_day13,146.4,14.400000000000063,12,13,7.346938775510236,25.450542478563204,53.977509371095834,144.8,48.14660558100828,1.5999999999999943,10.105647676032651,24.166666666666664,30,10L:20D,NA,poly,artifical_selection,stockholm,NA,NA,NA,NA,NA,NA,25
valimaki2006_fig1,valimaki2006,fig1,lmr_day1,2.3999999999999986,0,12,1,0,0,0,0,0,2.3999999999999986,0,24.166666666666664,30,10L:20D,NA,mono,artifical_selection,stockholm,NA,NA,NA,NA,NA,NA,25
valimaki2006_fig1,valimaki2006,fig1,lmr_day2,32,0,12,2,0,0,0,2.3999999999999986,0,29.6,0,24.166666666666664,30,10L:20D,NA,mono,artifical_selection,stockholm,NA,NA,NA,NA,NA,NA,25
valimaki2006_fig1,valimaki2006,fig1,lmr_day3,45.599999999999994,0,12,3,0,0,0,32,0,13.599999999999994,0,24.166666666666664,30,10L:20D,NA,mono,artifical_selection,stockholm,NA,NA,NA,NA,NA,NA,25
valimaki2006_fig1,valimaki2006,fig1,lmr_day4,64.80000000000001,0,12,4,0,0,0,45.599999999999994,0,19.200000000000017,0,24.166666666666664,30,10L:20D,NA,mono,artifical_selection,stockholm,NA,NA,NA,NA,NA,NA,25
valimaki2006_fig1,valimaki2006,fig1,lmr_day5,84,0,12,5,0,0,0,64.80000000000001,0,19.19999999999999,0,24.166666666666664,30,10L:20D,NA,mono,artifical_selection,stockholm,NA,NA,NA,NA,NA,NA,25
valimaki2006_fig1,valimaki2006,fig1,lmr_day6,96.00000000000003,0,12,6,0,0,0,84,0,12.000000000000028,0,24.166666666666664,30,10L:20D,NA,mono,artifical_selection,stockholm,NA,NA,NA,NA,NA,NA,25
valimaki2006_fig1,valimaki2006,fig1,lmr_day7,100.80000000000001,0,12,7,0,0,0,96.00000000000003,0,4.799999999999983,0,24.166666666666664,30,10L:20D,NA,mono,artifical_selection,stockholm,NA,NA,NA,NA,NA,NA,25
valimaki2006_fig1,valimaki2006,fig1,lmr_day8,104.00000000000003,0,12,8,0,0,0,100.80000000000001,0,3.200000000000017,0,24.166666666666664,30,10L:20D,NA,mono,artifical_selection,stockholm,NA,NA,NA,NA,NA,NA,25
valimaki2006_fig1,valimaki2006,fig1,lmr_day9,104.00000000000003,0,12,9,0,0,0,104.00000000000003,0,0,0,24.166666666666664,30,10L:20D,NA,mono,artifical_selection,stockholm,NA,NA,NA,NA,NA,NA,25
valimaki2006_fig1,valimaki2006,fig1,lmr_day10,104.00000000000003,0,12,10,0,0,0,104.00000000000003,0,0,0,24.166666666666664,30,10L:20D,NA,mono,artifical_selection,stockholm,NA,NA,NA,NA,NA,NA,25
valimaki2006_fig1,valimaki2006,fig1,lmr_day11,104.00000000000003,0,12,11,0,0,0,104.00000000000003,0,0,0,24.166666666666664,30,10L:20D,NA,mono,artifical_selection,stockholm,NA,NA,NA,NA,NA,NA,25
valimaki2006_fig1,valimaki2006,fig1,lmr_day12,104.00000000000003,0,12,12,0,0,0,104.00000000000003,0,0,0,24.166666666666664,30,10L:20D,NA,mono,artifical_selection,stockholm,NA,NA,NA,NA,NA,NA,25
valimaki2006_fig1,valimaki2006,fig1,lmr_day13,104.00000000000003,0,12,13,0,0,0,104.00000000000003,0,0,0,24.166666666666664,30,10L:20D,NA,mono,artifical_selection,stockholm,NA,NA,NA,NA,NA,NA,25
valimaki2006_fig2,valimaki2006,fig2,hmr_day1,8.79069767441866,4.88372093023257,9,1,2.4916943521594748,7.475083056478424,6.208540744583424,0,0,8.79069767441866,2.4916943521594748,16.666666666666668,20,8L:16D,NA,poly,wild_caught,kilpisjarvi,NA,NA,NA,NA,NA,NA,15
valimaki2006_fig2,valimaki2006,fig2,hmr_day2,20.511627906976784,5.860465116279073,9,2,2.990033222591364,8.970099667774091,8.940298672200095,8.79069767441866,6.208540744583424,11.720930232558125,3.892151001282391,16.666666666666668,20,8L:16D,NA,poly,wild_caught,kilpisjarvi,NA,NA,NA,NA,NA,NA,15
valimaki2006_fig2,valimaki2006,fig2,hmr_day3,39.069767441860506,11.720930232558146,9,3,5.980066445182728,17.940199335548183,35.76119468880038,20.511627906976784,8.940298672200095,18.558139534883722,6.685917540697049,16.666666666666668,20,8L:16D,NA,poly,wild_caught,kilpisjarvi,NA,NA,NA,NA,NA,NA,15
valimaki2006_fig2,valimaki2006,fig2,hmr_day4,51.76744186046514,7.8139534883720785,9,4,3.9867109634551423,11.960132890365427,15.89386430613343,39.069767441860506,35.76119468880038,12.697674418604635,7.18714539959599,16.666666666666668,20,8L:16D,NA,poly,wild_caught,kilpisjarvi,NA,NA,NA,NA,NA,NA,15
valimaki2006_fig2,valimaki2006,fig2,hmr_day5,71.30232558139538,12.697674418604649,9,5,6.478405315614617,19.43521594684385,41.969735433383725,51.76744186046514,15.89386430613343,19.53488372093024,7.606812718840734,16.666666666666668,20,8L:16D,NA,poly,wild_caught,kilpisjarvi,NA,NA,NA,NA,NA,NA,15
valimaki2006_fig2,valimaki2006,fig2,hmr_day6,91.81395348837214,12.697674418604649,9,6,6.478405315614617,19.43521594684385,41.969735433383725,71.30232558139538,41.969735433383725,20.511627906976756,9.161848659892142,16.666666666666668,20,8L:16D,NA,poly,wild_caught,kilpisjarvi,NA,NA,NA,NA,NA,NA,15
valimaki2006_fig2,valimaki2006,fig2,hmr_day7,107.44186046511632,14.651162790697697,9,7,7.475083056478417,22.42524916943525,55.87686670125071,91.81395348837214,41.969735433383725,15.627906976744185,9.89174414017237,16.666666666666668,20,8L:16D,NA,poly,wild_caught,kilpisjarvi,NA,NA,NA,NA,NA,NA,15
valimaki2006_fig2,valimaki2006,fig2,hmr_day8,126.00000000000003,13.674418604651152,9,8,6.976744186046506,20.93023255813952,48.67495943753372,107.44186046511632,55.87686670125071,18.558139534883708,10.225058735224186,16.666666666666668,20,8L:16D,NA,poly,wild_caught,kilpisjarvi,NA,NA,NA,NA,NA,NA,15
valimaki2006_fig2,valimaki2006,fig2,hmr_day9,146.51162790697677,14.651162790697668,9,9,7.475083056478402,22.425249169435205,55.87686670125048,126.00000000000003,48.67495943753372,20.51162790697674,10.225058735224176,16.666666666666668,20,8L:16D,NA,poly,wild_caught,kilpisjarvi,NA,NA,NA,NA,NA,NA,15
valimaki2006_fig2,valimaki2006,fig2,hmr_day10,162.13953488372098,13.674418604651123,9,10,6.976744186046491,20.930232558139473,48.67495943753351,146.51162790697677,55.87686670125048,15.627906976744214,10.225058735224165,16.666666666666668,20,8L:16D,NA,poly,wild_caught,kilpisjarvi,NA,NA,NA,NA,NA,NA,15
valimaki2006_fig2,valimaki2006,fig2,hmr_day11,173.86046511627907,10.74418604651163,9,11,5.481727574750831,16.445182724252494,30.04933720378363,162.13953488372098,48.67495943753351,11.72093023255809,8.87267133626154,16.666666666666668,20,8L:16D,NA,poly,wild_caught,kilpisjarvi,NA,NA,NA,NA,NA,NA,15
valimaki2006_fig2,valimaki2006,fig2,hmr_day12,181.67441860465115,14.651162790697725,9,12,7.475083056478431,22.425249169435293,55.87686670125092,173.86046511627907,30.04933720378363,7.8139534883720785,9.269638822793182,16.666666666666668,20,8L:16D,NA,poly,wild_caught,kilpisjarvi,NA,NA,NA,NA,NA,NA,15
valimaki2006_fig2,valimaki2006,fig2,hmr_day13,191.44186046511635,12.697674418604635,9,13,6.4784053156146095,19.43521594684383,41.96973543338363,181.67441860465115,55.87686670125092,9.767441860465198,9.891744140172376,16.666666666666668,20,8L:16D,NA,poly,wild_caught,kilpisjarvi,NA,NA,NA,NA,NA,NA,15
valimaki2006_fig2,valimaki2006,fig2,hmr_day14,198.27906976744188,11.72093023255809,9,14,5.980066445182699,17.940199335548094,35.76119468880003,191.44186046511635,41.96973543338363,6.837209302325533,8.816514624395724,16.666666666666668,20,8L:16D,NA,poly,wild_caught,kilpisjarvi,NA,NA,NA,NA,NA,NA,15
valimaki2006_fig2,valimaki2006,fig2,hmr_day15,203.16279069767444,16.604651162790645,9,15,8.471760797342165,25.415282392026498,71.77073100738357,198.27906976744188,35.76119468880003,4.883720930232556,10.369760156155184,16.666666666666668,20,8L:16D,NA,poly,wild_caught,kilpisjarvi,NA,NA,NA,NA,NA,NA,15
valimaki2006_fig2,valimaki2006,fig2,hmr_day16,208.04651162790697,21.488372093023344,9,16,10.963455149501707,32.89036544850512,120.19734881513551,203.16279069767444,71.77073100738357,4.883720930232528,13.855254592482922,16.666666666666668,20,8L:16D,NA,poly,wild_caught,kilpisjarvi,NA,NA,NA,NA,NA,NA,15
valimaki2006_fig2,valimaki2006,fig2,lmr_day1,10.744186046511658,0,6,1,0,0,0,0,0,10.744186046511658,0,16.666666666666668,20,8L:16D,NA,mono,wild_caught,kilpisjarvi,NA,NA,NA,NA,NA,NA,15
valimaki2006_fig2,valimaki2006,fig2,lmr_day2,34.186046511627964,0,6,2,0,0,0,10.744186046511658,0,23.441860465116307,0,16.666666666666668,20,8L:16D,NA,mono,wild_caught,kilpisjarvi,NA,NA,NA,NA,NA,NA,15
valimaki2006_fig2,valimaki2006,fig2,lmr_day3,57.62790697674423,0.9767441860465311,6,3,0.49833887043190367,1.2206759515531032,0.24834162978334565,34.186046511627964,0,23.441860465116264,0.49833887043190367,16.666666666666668,20,8L:16D,NA,mono,wild_caught,kilpisjarvi,NA,NA,NA,NA,NA,NA,15
valimaki2006_fig2,valimaki2006,fig2,lmr_day4,78.13953488372097,0,6,4,0,0,0,57.62790697674423,0.24834162978334565,20.51162790697674,0.49833887043190367,16.666666666666668,20,8L:16D,NA,mono,wild_caught,kilpisjarvi,NA,NA,NA,NA,NA,NA,15
valimaki2006_fig2,valimaki2006,fig2,lmr_day5,90.83720930232562,0,6,5,0,0,0,78.13953488372097,0,12.697674418604649,0,16.666666666666668,20,8L:16D,NA,mono,wild_caught,kilpisjarvi,NA,NA,NA,NA,NA,NA,15
valimaki2006_fig2,valimaki2006,fig2,lmr_day6,110.37209302325581,0,5,6,0,0,0,90.83720930232562,0,19.534883720930196,0,16.666666666666668,20,8L:16D,NA,mono,wild_caught,kilpisjarvi,NA,NA,NA,NA,NA,NA,15
valimaki2006_fig2,valimaki2006,fig2,lmr_day7,118.18604651162792,0,5,7,0,0,0,110.37209302325581,0,7.813953488372107,0,16.666666666666668,20,8L:16D,NA,mono,wild_caught,kilpisjarvi,NA,NA,NA,NA,NA,NA,15
valimaki2006_fig2,valimaki2006,fig2,lmr_day8,130.88372093023258,0,5,8,0,0,0,118.18604651162792,0,12.697674418604663,0,16.666666666666668,20,8L:16D,NA,mono,wild_caught,kilpisjarvi,NA,NA,NA,NA,NA,NA,15
valimaki2006_fig2,valimaki2006,fig2,lmr_day9,130.88372093023258,0.9767441860465169,5,9,0.4983388704318964,1.1143195901161804,0.24834162978333846,130.88372093023258,0,0,0.49833887043189645,16.666666666666668,20,8L:16D,NA,mono,wild_caught,kilpisjarvi,NA,NA,NA,NA,NA,NA,15
valimaki2006_fig2,valimaki2006,fig2,lmr_day10,130.88372093023258,0,5,10,0,0,0,130.88372093023258,0.24834162978333846,0,0.49833887043189645,16.666666666666668,20,8L:16D,NA,mono,wild_caught,kilpisjarvi,NA,NA,NA,NA,NA,NA,15
valimaki2006_fig2,valimaki2006,fig2,lmr_day11,129.90697674418607,0,5,11,0,0,0,130.88372093023258,0,0,0,16.666666666666668,20,8L:16D,NA,mono,wild_caught,kilpisjarvi,NA,NA,NA,NA,NA,NA,15
valimaki2006_fig2,valimaki2006,fig2,lmr_day12,130.88372093023258,0,5,12,0,0,0,129.90697674418607,0,0.9767441860465169,0,16.666666666666668,20,8L:16D,NA,mono,wild_caught,kilpisjarvi,NA,NA,NA,NA,NA,NA,15
valimaki2006_fig2,valimaki2006,fig2,lmr_day13,130.88372093023258,0,5,13,0,0,0,130.88372093023258,0,0,0,16.666666666666668,20,8L:16D,NA,mono,wild_caught,kilpisjarvi,NA,NA,NA,NA,NA,NA,15
valimaki2006_fig2,valimaki2006,fig2,lmr_day14,130.88372093023258,0.9767441860465169,5,14,0.4983388704318964,1.1143195901161804,0.24834162978333846,130.88372093023258,0,0,0.49833887043189645,16.666666666666668,20,8L:16D,NA,mono,wild_caught,kilpisjarvi,NA,NA,NA,NA,NA,NA,15
valimaki2006_fig2,valimaki2006,fig2,lmr_day15,130.88372093023258,0,5,15,0,0,0,130.88372093023258,0.24834162978333846,0,0.49833887043189645,16.666666666666668,20,8L:16D,NA,mono,wild_caught,kilpisjarvi,NA,NA,NA,NA,NA,NA,15
valimaki2006_fig2,valimaki2006,fig2,lmr_day16,130.88372093023258,0,5,16,0,0,0,130.88372093023258,0,0,0,16.666666666666668,20,8L:16D,NA,mono,wild_caught,kilpisjarvi,NA,NA,NA,NA,NA,NA,15
wiklund1993_fig1c,wiklund1993,fig1c,mono_day23,NA,NA,NA,23,NA,NA,NA,NA,NA,7.272727272727266,0,NA,NA,NA,diap,mono,may_jun_1989,stockholm,NA,NA,NA,NA,NA,NA,NA
wiklund1993_fig1c,wiklund1993,fig1c,mono_day22,NA,NA,NA,22,NA,NA,NA,NA,NA,18.181818181818173,0,NA,NA,NA,diap,mono,may_jun_1989,stockholm,NA,NA,NA,NA,NA,NA,NA
wiklund1993_fig1c,wiklund1993,fig1c,poly_day22,NA,NA,NA,22,NA,NA,NA,NA,NA,1.8181818181818201,0,NA,NA,NA,diap,poly,may_jun_1989,stockholm,NA,NA,NA,NA,NA,NA,NA
wiklund1993_fig1c,wiklund1993,fig1c,mono_day21,NA,NA,NA,21,NA,NA,NA,NA,NA,7.727272727272727,6.36363636363636,NA,NA,NA,diap,mono,may_jun_1989,stockholm,NA,NA,NA,NA,NA,NA,NA
wiklund1993_fig1c,wiklund1993,fig1c,poly_day21,NA,NA,NA,21,NA,NA,NA,NA,NA,1.3254988913525452,0,NA,NA,NA,diap,poly,may_jun_1989,stockholm,NA,NA,NA,NA,NA,NA,NA
wiklund1993_fig1c,wiklund1993,fig1c,mono_day20,NA,NA,NA,20,NA,NA,NA,NA,NA,3.0660753880266007,3.1330376940133142,NA,NA,NA,diap,mono,may_jun_1989,stockholm,NA,NA,NA,NA,NA,NA,NA
wiklund1993_fig1c,wiklund1993,fig1c,poly_day20,NA,NA,NA,20,NA,NA,NA,NA,NA,1.3254988913525452,3.4811529933481182,NA,NA,NA,diap,poly,may_jun_1989,stockholm,NA,NA,NA,NA,NA,NA,NA
wiklund1993_fig1c,wiklund1993,fig1c,mono_day19,NA,NA,NA,19,NA,NA,NA,NA,NA,3.0660753880266007,3.1330376940133142,NA,NA,NA,diap,mono,may_jun_1989,stockholm,NA,NA,NA,NA,NA,NA,NA
wiklund1993_fig1c,wiklund1993,fig1c,poly_day19,NA,NA,NA,19,NA,NA,NA,NA,NA,3.414190687361419,2.436807095343678,NA,NA,NA,diap,poly,may_jun_1989,stockholm,NA,NA,NA,NA,NA,NA,NA
wiklund1993_fig1c,wiklund1993,fig1c,mono_day18,NA,NA,NA,18,NA,NA,NA,NA,NA,13.161419068736144,4.525498891352552,NA,NA,NA,diap,mono,may_jun_1989,stockholm,NA,NA,NA,NA,NA,NA,NA
wiklund1993_fig1c,wiklund1993,fig1c,poly_day18,NA,NA,NA,18,NA,NA,NA,NA,NA,13.509534368070945,4.525498891352555,NA,NA,NA,diap,poly,may_jun_1989,stockholm,NA,NA,NA,NA,NA,NA,NA
wiklund1993_fig1c,wiklund1993,fig1c,mono_day17,NA,NA,NA,17,NA,NA,NA,NA,NA,0,0,NA,NA,NA,diap,mono,may_jun_1989,stockholm,NA,NA,NA,NA,NA,NA,NA
wiklund1993_fig1c,wiklund1993,fig1c,poly_day17,NA,NA,NA,17,NA,NA,NA,NA,NA,0.629268292682923,0.6962305986696222,NA,NA,NA,diap,poly,may_jun_1989,stockholm,NA,NA,NA,NA,NA,NA,NA
wiklund1993_fig1c,wiklund1993,fig1c,mono_day16,NA,NA,NA,16,NA,NA,NA,NA,NA,0,0,NA,NA,NA,diap,mono,may_jun_1989,stockholm,NA,NA,NA,NA,NA,NA,NA
wiklund1993_fig1c,wiklund1993,fig1c,poly_day16,NA,NA,NA,16,NA,NA,NA,NA,NA,0,0,NA,NA,NA,diap,poly,may_jun_1989,stockholm,NA,NA,NA,NA,NA,NA,NA
wiklund1993_fig1c,wiklund1993,fig1c,mono_day15,NA,NA,NA,15,NA,NA,NA,NA,NA,9.332150776053215,0,NA,NA,NA,diap,mono,may_jun_1989,stockholm,NA,NA,NA,NA,NA,NA,NA
wiklund1993_fig1c,wiklund1993,fig1c,poly_day15,NA,NA,NA,15,NA,NA,NA,NA,NA,11.07272727272727,1.0443458980044298,NA,NA,NA,diap,poly,may_jun_1989,stockholm,NA,NA,NA,NA,NA,NA,NA
wiklund1993_fig1c,wiklund1993,fig1c,mono_day14,NA,NA,NA,14,NA,NA,NA,NA,NA,11.07272727272727,3.1330376940133036,NA,NA,NA,diap,mono,may_jun_1989,stockholm,NA,NA,NA,NA,NA,NA,NA
wiklund1993_fig1c,wiklund1993,fig1c,poly_day14,NA,NA,NA,14,NA,NA,NA,NA,NA,11.07272727272727,2.784922394678496,NA,NA,NA,diap,poly,may_jun_1989,stockholm,NA,NA,NA,NA,NA,NA,NA
wiklund1993_fig1c,wiklund1993,fig1c,mono_day13,NA,NA,NA,13,NA,NA,NA,NA,NA,2.3698447893569785,0,NA,NA,NA,diap,mono,may_jun_1989,stockholm,NA,NA,NA,NA,NA,NA,NA
wiklund1993_fig1c,wiklund1993,fig1c,poly_day13,NA,NA,NA,13,NA,NA,NA,NA,NA,5.850997782705097,0,NA,NA,NA,diap,poly,may_jun_1989,stockholm,NA,NA,NA,NA,NA,NA,NA
wiklund1993_fig1c,wiklund1993,fig1c,mono_day12,NA,NA,NA,12,NA,NA,NA,NA,NA,8.287804878048775,3.1330376940133,NA,NA,NA,diap,mono,may_jun_1989,stockholm,NA,NA,NA,NA,NA,NA,NA
wiklund1993_fig1c,wiklund1993,fig1c,poly_day12,NA,NA,NA,12,NA,NA,NA,NA,NA,18.0350332594235,2.784922394678496,NA,NA,NA,diap,poly,may_jun_1989,stockholm,NA,NA,NA,NA,NA,NA,NA
wiklund1993_fig1c,wiklund1993,fig1c,mono_day11,NA,NA,NA,11,NA,NA,NA,NA,NA,12.813303769401323,2.7849223946784853,NA,NA,NA,diap,mono,may_jun_1989,stockholm,NA,NA,NA,NA,NA,NA,NA
wiklund1993_fig1c,wiklund1993,fig1c,poly_day11,NA,NA,NA,11,NA,NA,NA,NA,NA,18.731263858093122,1.7405764966740591,NA,NA,NA,diap,poly,may_jun_1989,stockholm,NA,NA,NA,NA,NA,NA,NA
wiklund1993_fig1c,wiklund1993,fig1c,mono_day10,NA,NA,NA,10,NA,NA,NA,NA,NA,6.89534368070953,5.221729490022174,NA,NA,NA,diap,mono,may_jun_1989,stockholm,NA,NA,NA,NA,NA,NA,NA
wiklund1993_fig1c,wiklund1993,fig1c,poly_day10,NA,NA,NA,10,NA,NA,NA,NA,NA,18.731263858093122,1.3924611973392444,NA,NA,NA,diap,poly,may_jun_1989,stockholm,NA,NA,NA,NA,NA,NA,NA
wiklund1993_fig1c,wiklund1993,fig1c,mono_day9,NA,NA,NA,9,NA,NA,NA,NA,NA,9.332150776053215,3.1330376940133,NA,NA,NA,diap,mono,may_jun_1989,stockholm,NA,NA,NA,NA,NA,NA,NA
wiklund1993_fig1c,wiklund1993,fig1c,poly_day9,NA,NA,NA,9,NA,NA,NA,NA,NA,18.38314855875832,2.088691796008874,NA,NA,NA,diap,poly,may_jun_1989,stockholm,NA,NA,NA,NA,NA,NA,NA
wiklund1993_fig1c,wiklund1993,fig1c,mono_day8,NA,NA,NA,8,NA,NA,NA,NA,NA,21.516186252771618,8.702882483370296,NA,NA,NA,diap,mono,may_jun_1989,stockholm,NA,NA,NA,NA,NA,NA,NA
wiklund1993_fig1c,wiklund1993,fig1c,poly_day8,NA,NA,NA,8,NA,NA,NA,NA,NA,33.0039911308204,2.784922394678482,NA,NA,NA,diap,poly,may_jun_1989,stockholm,NA,NA,NA,NA,NA,NA,NA
wiklund1993_fig1c,wiklund1993,fig1c,mono_day7,NA,NA,NA,7,NA,NA,NA,NA,NA,28.47849223946784,10.44345898004434,NA,NA,NA,diap,mono,may_jun_1989,stockholm,NA,NA,NA,NA,NA,NA,NA
wiklund1993_fig1c,wiklund1993,fig1c,poly_day7,NA,NA,NA,7,NA,NA,NA,NA,NA,47.624833702882476,3.1330376940133107,NA,NA,NA,diap,poly,may_jun_1989,stockholm,NA,NA,NA,NA,NA,NA,NA
wiklund1993_fig1c,wiklund1993,fig1c,mono_day6,NA,NA,NA,6,NA,NA,NA,NA,NA,37.52949002217295,8.354767184035481,NA,NA,NA,diap,mono,may_jun_1989,stockholm,NA,NA,NA,NA,NA,NA,NA
wiklund1993_fig1c,wiklund1993,fig1c,poly_day6,NA,NA,NA,6,NA,NA,NA,NA,NA,54.93525498891352,7.310421286031044,NA,NA,NA,diap,poly,may_jun_1989,stockholm,NA,NA,NA,NA,NA,NA,NA
wiklund1993_fig1c,wiklund1993,fig1c,mono_day5,NA,NA,NA,5,NA,NA,NA,NA,NA,34.74456762749446,9.050997782705103,NA,NA,NA,diap,mono,may_jun_1989,stockholm,NA,NA,NA,NA,NA,NA,NA
wiklund1993_fig1c,wiklund1993,fig1c,poly_day5,NA,NA,NA,5,NA,NA,NA,NA,NA,65.72682926829268,5.22172949002217,NA,NA,NA,diap,poly,may_jun_1989,stockholm,NA,NA,NA,NA,NA,NA,NA
wiklund1993_fig1c,wiklund1993,fig1c,mono_day4,NA,NA,NA,4,NA,NA,NA,NA,NA,50.409756097560965,6.266075388026593,NA,NA,NA,diap,mono,may_jun_1989,stockholm,NA,NA,NA,NA,NA,NA,NA
wiklund1993_fig1c,wiklund1993,fig1c,poly_day4,NA,NA,NA,4,NA,NA,NA,NA,NA,56.327716186252765,4.525498891352555,NA,NA,NA,diap,poly,may_jun_1989,stockholm,NA,NA,NA,NA,NA,NA,NA
wiklund1993_fig1c,wiklund1993,fig1c,mono_day3,NA,NA,NA,3,NA,NA,NA,NA,NA,43.44745011086476,7.310421286031051,NA,NA,NA,diap,mono,may_jun_1989,stockholm,NA,NA,NA,NA,NA,NA,NA
wiklund1993_fig1c,wiklund1993,fig1c,poly_day3,NA,NA,NA,3,NA,NA,NA,NA,NA,55.28337028824833,2.784922394678489,NA,NA,NA,diap,poly,may_jun_1989,stockholm,NA,NA,NA,NA,NA,NA,NA
wiklund1993_fig1c,wiklund1993,fig1c,mono_day2,NA,NA,NA,2,NA,NA,NA,NA,NA,34.74456762749446,5.221729490022163,NA,NA,NA,diap,mono,may_jun_1989,stockholm,NA,NA,NA,NA,NA,NA,NA
wiklund1993_fig1c,wiklund1993,fig1c,poly_day2,NA,NA,NA,2,NA,NA,NA,NA,NA,30.219068736141914,5.9179600886918,NA,NA,NA,diap,poly,may_jun_1989,stockholm,NA,NA,NA,NA,NA,NA,NA
wiklund1993_fig1c,wiklund1993,fig1c,poly_day1,NA,NA,NA,1,NA,NA,NA,NA,NA,11.768957871396893,4.873614190687356,NA,NA,NA,diap,poly,may_jun_1989,stockholm,NA,NA,NA,NA,NA,NA,NA
wiklund1993_fig1c,wiklund1993,fig1c,mono_day1,NA,NA,NA,1,NA,NA,NA,NA,NA,2.3698447893569785,0,NA,NA,NA,diap,mono,may_jun_1989,stockholm,NA,NA,NA,NA,NA,NA,NA
wiklund1993_fig2c,wiklund1993,fig2c,poly_day34,NA,NA,NA,34,NA,NA,NA,NA,NA,2.75229357798165,0.550458715596335,NA,NA,NA,direct,poly,sept_oct_1990,stockholm,NA,NA,NA,NA,NA,NA,NA
wiklund1993_fig2c,wiklund1993,fig2c,poly_day33,NA,NA,NA,33,NA,NA,NA,NA,NA,0,0.7339449541284413,NA,NA,NA,direct,poly,sept_oct_1990,stockholm,NA,NA,NA,NA,NA,NA,NA
wiklund1993_fig2c,wiklund1993,fig2c,poly_day32,NA,NA,NA,32,NA,NA,NA,NA,NA,3.302752293577976,2.5688073394495454,NA,NA,NA,direct,poly,sept_oct_1990,stockholm,NA,NA,NA,NA,NA,NA,NA
wiklund1993_fig2c,wiklund1993,fig2c,mono_day32,NA,NA,NA,32,NA,NA,NA,NA,NA,0.7339449541284377,1.4678899082568773,NA,NA,NA,direct,mono,sept_oct_1990,stockholm,NA,NA,NA,NA,NA,NA,NA
wiklund1993_fig2c,wiklund1993,fig2c,mono_day31,NA,NA,NA,31,NA,NA,NA,NA,NA,0.9174311926605458,1.2844036697247692,NA,NA,NA,direct,mono,sept_oct_1990,stockholm,NA,NA,NA,NA,NA,NA,NA
wiklund1993_fig2c,wiklund1993,fig2c,poly_day31,NA,NA,NA,31,NA,NA,NA,NA,NA,0,1.1009174311926628,NA,NA,NA,direct,poly,sept_oct_1990,stockholm,NA,NA,NA,NA,NA,NA,NA
wiklund1993_fig2c,wiklund1993,fig2c,poly_day30,NA,NA,NA,30,NA,NA,NA,NA,NA,3.1192660550458697,2.0183486238532122,NA,NA,NA,direct,poly,sept_oct_1990,stockholm,NA,NA,NA,NA,NA,NA,NA
wiklund1993_fig2c,wiklund1993,fig2c,mono_day30,NA,NA,NA,30,NA,NA,NA,NA,NA,0.7339449541284377,1.4678899082568773,NA,NA,NA,direct,mono,sept_oct_1990,stockholm,NA,NA,NA,NA,NA,NA,NA
wiklund1993_fig2c,wiklund1993,fig2c,mono_day29,NA,NA,NA,29,NA,NA,NA,NA,NA,1.8348623853210952,1.2844036697247745,NA,NA,NA,direct,mono,sept_oct_1990,stockholm,NA,NA,NA,NA,NA,NA,NA
wiklund1993_fig2c,wiklund1993,fig2c,poly_day29,NA,NA,NA,29,NA,NA,NA,NA,NA,0.5504587155963243,1.284403669724771,NA,NA,NA,direct,poly,sept_oct_1990,stockholm,NA,NA,NA,NA,NA,NA,NA
wiklund1993_fig2c,wiklund1993,fig2c,poly_day28,NA,NA,NA,28,NA,NA,NA,NA,NA,6.05504587155963,3.8532110091743164,NA,NA,NA,direct,poly,sept_oct_1990,stockholm,NA,NA,NA,NA,NA,NA,NA
wiklund1993_fig2c,wiklund1993,fig2c,mono_day28,NA,NA,NA,28,NA,NA,NA,NA,NA,0.7339449541284377,1.1009174311926575,NA,NA,NA,direct,mono,sept_oct_1990,stockholm,NA,NA,NA,NA,NA,NA,NA
wiklund1993_fig2c,wiklund1993,fig2c,poly_day27,NA,NA,NA,27,NA,NA,NA,NA,NA,0.7339449541284377,1.4678899082568773,NA,NA,NA,direct,poly,sept_oct_1990,stockholm,NA,NA,NA,NA,NA,NA,NA
wiklund1993_fig2c,wiklund1993,fig2c,mono_day27,NA,NA,NA,27,NA,NA,NA,NA,NA,0.7339449541284377,1.4678899082568773,NA,NA,NA,direct,mono,sept_oct_1990,stockholm,NA,NA,NA,NA,NA,NA,NA
wiklund1993_fig2c,wiklund1993,fig2c,poly_day26,NA,NA,NA,26,NA,NA,NA,NA,NA,1.8348623853210952,1.1009174311926575,NA,NA,NA,direct,poly,sept_oct_1990,stockholm,NA,NA,NA,NA,NA,NA,NA
wiklund1993_fig2c,wiklund1993,fig2c,mono_day26,NA,NA,NA,26,NA,NA,NA,NA,NA,5.137614678899082,1.1009174311926628,NA,NA,NA,direct,mono,sept_oct_1990,stockholm,NA,NA,NA,NA,NA,NA,NA
wiklund1993_fig2c,wiklund1993,fig2c,poly_day25,NA,NA,NA,25,NA,NA,NA,NA,NA,5.8715596330275215,2.2018348623853186,NA,NA,NA,direct,poly,sept_oct_1990,stockholm,NA,NA,NA,NA,NA,NA,NA
wiklund1993_fig2c,wiklund1993,fig2c,mono_day25,NA,NA,NA,25,NA,NA,NA,NA,NA,3.1192660550458697,1.2844036697247745,NA,NA,NA,direct,mono,sept_oct_1990,stockholm,NA,NA,NA,NA,NA,NA,NA
wiklund1993_fig2c,wiklund1993,fig2c,poly_day24,NA,NA,NA,24,NA,NA,NA,NA,NA,6.972477064220181,1.8348623853211024,NA,NA,NA,direct,poly,sept_oct_1990,stockholm,NA,NA,NA,NA,NA,NA,NA
wiklund1993_fig2c,wiklund1993,fig2c,mono_day24,NA,NA,NA,24,NA,NA,NA,NA,NA,1.8348623853210952,1.1009174311926575,NA,NA,NA,direct,mono,sept_oct_1990,stockholm,NA,NA,NA,NA,NA,NA,NA
wiklund1993_fig2c,wiklund1993,fig2c,poly_day23,NA,NA,NA,23,NA,NA,NA,NA,NA,6.05504587155963,3.1192660550458733,NA,NA,NA,direct,poly,sept_oct_1990,stockholm,NA,NA,NA,NA,NA,NA,NA
wiklund1993_fig2c,wiklund1993,fig2c,mono_day23,NA,NA,NA,23,NA,NA,NA,NA,NA,5.137614678899082,2.385321100917432,NA,NA,NA,direct,mono,sept_oct_1990,stockholm,NA,NA,NA,NA,NA,NA,NA
wiklund1993_fig2c,wiklund1993,fig2c,poly_day22,NA,NA,NA,22,NA,NA,NA,NA,NA,6.972477064220181,4.770642201834866,NA,NA,NA,direct,poly,sept_oct_1990,stockholm,NA,NA,NA,NA,NA,NA,NA
wiklund1993_fig2c,wiklund1993,fig2c,mono_day22,NA,NA,NA,22,NA,NA,NA,NA,NA,7.155963302752292,2.9357798165137616,NA,NA,NA,direct,mono,sept_oct_1990,stockholm,NA,NA,NA,NA,NA,NA,NA
wiklund1993_fig2c,wiklund1993,fig2c,poly_day21,NA,NA,NA,21,NA,NA,NA,NA,NA,1.8348623853210952,2.201834862385324,NA,NA,NA,direct,poly,sept_oct_1990,stockholm,NA,NA,NA,NA,NA,NA,NA
wiklund1993_fig2c,wiklund1993,fig2c,mono_day21,NA,NA,NA,21,NA,NA,NA,NA,NA,3.1192660550458697,2.385321100917432,NA,NA,NA,direct,mono,sept_oct_1990,stockholm,NA,NA,NA,NA,NA,NA,NA
wiklund1993_fig2c,wiklund1993,fig2c,poly_day20,NA,NA,NA,20,NA,NA,NA,NA,NA,6.05504587155963,2.935779816513765,NA,NA,NA,direct,poly,sept_oct_1990,stockholm,NA,NA,NA,NA,NA,NA,NA
wiklund1993_fig2c,wiklund1993,fig2c,mono_day20,NA,NA,NA,20,NA,NA,NA,NA,NA,1.8348623853210952,2.385321100917432,NA,NA,NA,direct,mono,sept_oct_1990,stockholm,NA,NA,NA,NA,NA,NA,NA
wiklund1993_fig2c,wiklund1993,fig2c,poly_day19,NA,NA,NA,19,NA,NA,NA,NA,NA,11.009174311926609,4.036697247706417,NA,NA,NA,direct,poly,sept_oct_1990,stockholm,NA,NA,NA,NA,NA,NA,NA
wiklund1993_fig2c,wiklund1993,fig2c,mono_day19,NA,NA,NA,19,NA,NA,NA,NA,NA,6.972477064220181,2.7522935779816535,NA,NA,NA,direct,mono,sept_oct_1990,stockholm,NA,NA,NA,NA,NA,NA,NA
wiklund1993_fig2c,wiklund1993,fig2c,poly_day18,NA,NA,NA,18,NA,NA,NA,NA,NA,8.990825688073395,3.853211009174313,NA,NA,NA,direct,poly,sept_oct_1990,stockholm,NA,NA,NA,NA,NA,NA,NA
wiklund1993_fig2c,wiklund1993,fig2c,mono_day18,NA,NA,NA,18,NA,NA,NA,NA,NA,11.009174311926609,6.055045871559626,NA,NA,NA,direct,mono,sept_oct_1990,stockholm,NA,NA,NA,NA,NA,NA,NA
wiklund1993_fig2c,wiklund1993,fig2c,mono_day17,NA,NA,NA,17,NA,NA,NA,NA,NA,10.825688073394497,1.8348623853211024,NA,NA,NA,direct,mono,sept_oct_1990,stockholm,NA,NA,NA,NA,NA,NA,NA
wiklund1993_fig2c,wiklund1993,fig2c,poly_day17,NA,NA,NA,17,NA,NA,NA,NA,NA,12.293577981651376,2.75229357798165,NA,NA,NA,direct,poly,sept_oct_1990,stockholm,NA,NA,NA,NA,NA,NA,NA
wiklund1993_fig2c,wiklund1993,fig2c,poly_day16,NA,NA,NA,16,NA,NA,NA,NA,NA,13.211009174311927,2.75229357798165,NA,NA,NA,direct,poly,sept_oct_1990,stockholm,NA,NA,NA,NA,NA,NA,NA
wiklund1993_fig2c,wiklund1993,fig2c,mono_day16,NA,NA,NA,16,NA,NA,NA,NA,NA,9.908256880733946,2.935779816513765,NA,NA,NA,direct,mono,sept_oct_1990,stockholm,NA,NA,NA,NA,NA,NA,NA
wiklund1993_fig2c,wiklund1993,fig2c,poly_day15,NA,NA,NA,15,NA,NA,NA,NA,NA,11.009174311926609,4.036697247706428,NA,NA,NA,direct,poly,sept_oct_1990,stockholm,NA,NA,NA,NA,NA,NA,NA
wiklund1993_fig2c,wiklund1993,fig2c,mono_day15,NA,NA,NA,15,NA,NA,NA,NA,NA,11.009174311926609,3.3027522935779814,NA,NA,NA,direct,mono,sept_oct_1990,stockholm,NA,NA,NA,NA,NA,NA,NA
wiklund1993_fig2c,wiklund1993,fig2c,poly_day14,NA,NA,NA,14,NA,NA,NA,NA,NA,22.01834862385322,4.036697247706421,NA,NA,NA,direct,poly,sept_oct_1990,stockholm,NA,NA,NA,NA,NA,NA,NA
wiklund1993_fig2c,wiklund1993,fig2c,mono_day14,NA,NA,NA,14,NA,NA,NA,NA,NA,13.211009174311927,4.220183486238533,NA,NA,NA,direct,mono,sept_oct_1990,stockholm,NA,NA,NA,NA,NA,NA,NA
wiklund1993_fig2c,wiklund1993,fig2c,poly_day13,NA,NA,NA,13,NA,NA,NA,NA,NA,26.238532110091747,4.77064220183486,NA,NA,NA,direct,poly,sept_oct_1990,stockholm,NA,NA,NA,NA,NA,NA,NA
wiklund1993_fig2c,wiklund1993,fig2c,mono_day13,NA,NA,NA,13,NA,NA,NA,NA,NA,11.009174311926609,2.9357798165137687,NA,NA,NA,direct,mono,sept_oct_1990,stockholm,NA,NA,NA,NA,NA,NA,NA
wiklund1993_fig2c,wiklund1993,fig2c,poly_day12,NA,NA,NA,12,NA,NA,NA,NA,NA,18.165137614678905,2.7522935779816464,NA,NA,NA,direct,poly,sept_oct_1990,stockholm,NA,NA,NA,NA,NA,NA,NA
wiklund1993_fig2c,wiklund1993,fig2c,mono_day12,NA,NA,NA,12,NA,NA,NA,NA,NA,13.211009174311927,2.2018348623853186,NA,NA,NA,direct,mono,sept_oct_1990,stockholm,NA,NA,NA,NA,NA,NA,NA
wiklund1993_fig2c,wiklund1993,fig2c,poly_day11,NA,NA,NA,11,NA,NA,NA,NA,NA,17.981651376146793,1.1009174311926557,NA,NA,NA,direct,poly,sept_oct_1990,stockholm,NA,NA,NA,NA,NA,NA,NA
wiklund1993_fig2c,wiklund1993,fig2c,mono_day11,NA,NA,NA,11,NA,NA,NA,NA,NA,14.128440366972482,4.220183486238536,NA,NA,NA,direct,mono,sept_oct_1990,stockholm,NA,NA,NA,NA,NA,NA,NA
wiklund1993_fig2c,wiklund1993,fig2c,poly_day10,NA,NA,NA,10,NA,NA,NA,NA,NA,16.146788990825684,3.8532110091743235,NA,NA,NA,direct,poly,sept_oct_1990,stockholm,NA,NA,NA,NA,NA,NA,NA
wiklund1993_fig2c,wiklund1993,fig2c,mono_day10,NA,NA,NA,10,NA,NA,NA,NA,NA,15.045871559633026,3.3027522935779743,NA,NA,NA,direct,mono,sept_oct_1990,stockholm,NA,NA,NA,NA,NA,NA,NA
wiklund1993_fig2c,wiklund1993,fig2c,poly_day9,NA,NA,NA,9,NA,NA,NA,NA,NA,23.30275229357799,3.6697247706422047,NA,NA,NA,direct,poly,sept_oct_1990,stockholm,NA,NA,NA,NA,NA,NA,NA
wiklund1993_fig2c,wiklund1993,fig2c,mono_day9,NA,NA,NA,9,NA,NA,NA,NA,NA,17.064220183486235,5.137614678899078,NA,NA,NA,direct,mono,sept_oct_1990,stockholm,NA,NA,NA,NA,NA,NA,NA
wiklund1993_fig2c,wiklund1993,fig2c,poly_day8,NA,NA,NA,8,NA,NA,NA,NA,NA,23.30275229357799,6.788990825688074,NA,NA,NA,direct,poly,sept_oct_1990,stockholm,NA,NA,NA,NA,NA,NA,NA
wiklund1993_fig2c,wiklund1993,fig2c,mono_day8,NA,NA,NA,8,NA,NA,NA,NA,NA,20.000000000000007,4.954128440366981,NA,NA,NA,direct,mono,sept_oct_1990,stockholm,NA,NA,NA,NA,NA,NA,NA
wiklund1993_fig2c,wiklund1993,fig2c,poly_day7,NA,NA,NA,7,NA,NA,NA,NA,NA,17.064220183486235,5.137614678899078,NA,NA,NA,direct,poly,sept_oct_1990,stockholm,NA,NA,NA,NA,NA,NA,NA
wiklund1993_fig2c,wiklund1993,fig2c,mono_day7,NA,NA,NA,7,NA,NA,NA,NA,NA,23.30275229357799,3.6697247706422047,NA,NA,NA,direct,mono,sept_oct_1990,stockholm,NA,NA,NA,NA,NA,NA,NA
wiklund1993_fig2c,wiklund1993,fig2c,poly_day6,NA,NA,NA,6,NA,NA,NA,NA,NA,28.07339449541285,5.87155963302753,NA,NA,NA,direct,poly,sept_oct_1990,stockholm,NA,NA,NA,NA,NA,NA,NA
wiklund1993_fig2c,wiklund1993,fig2c,mono_day6,NA,NA,NA,6,NA,NA,NA,NA,NA,17.981651376146793,4.770642201834866,NA,NA,NA,direct,mono,sept_oct_1990,stockholm,NA,NA,NA,NA,NA,NA,NA
wiklund1993_fig2c,wiklund1993,fig2c,poly_day5,NA,NA,NA,5,NA,NA,NA,NA,NA,32.11009174311928,2.7522935779816464,NA,NA,NA,direct,poly,sept_oct_1990,stockholm,NA,NA,NA,NA,NA,NA,NA
wiklund1993_fig2c,wiklund1993,fig2c,mono_day5,NA,NA,NA,5,NA,NA,NA,NA,NA,22.385321100917437,4.587155963302756,NA,NA,NA,direct,mono,sept_oct_1990,stockholm,NA,NA,NA,NA,NA,NA,NA
wiklund1993_fig2c,wiklund1993,fig2c,poly_day4,NA,NA,NA,4,NA,NA,NA,NA,NA,37.24770642201836,3.8532110091743093,NA,NA,NA,direct,poly,sept_oct_1990,stockholm,NA,NA,NA,NA,NA,NA,NA
wiklund1993_fig2c,wiklund1993,fig2c,mono_day4,NA,NA,NA,4,NA,NA,NA,NA,NA,22.01834862385322,6.972477064220195,NA,NA,NA,direct,mono,sept_oct_1990,stockholm,NA,NA,NA,NA,NA,NA,NA
wiklund1993_fig2c,wiklund1993,fig2c,poly_day3,NA,NA,NA,3,NA,NA,NA,NA,NA,34.86238532110092,3.6697247706422047,NA,NA,NA,direct,poly,sept_oct_1990,stockholm,NA,NA,NA,NA,NA,NA,NA
wiklund1993_fig2c,wiklund1993,fig2c,mono_day3,NA,NA,NA,3,NA,NA,NA,NA,NA,17.981651376146793,4.587155963302754,NA,NA,NA,direct,mono,sept_oct_1990,stockholm,NA,NA,NA,NA,NA,NA,NA
wiklund1993_fig2c,wiklund1993,fig2c,poly_day2,NA,NA,NA,2,NA,NA,NA,NA,NA,21.10091743119267,6.055045871559644,NA,NA,NA,direct,poly,sept_oct_1990,stockholm,NA,NA,NA,NA,NA,NA,NA
wiklund1993_fig2c,wiklund1993,fig2c,mono_day2,NA,NA,NA,2,NA,NA,NA,NA,NA,23.30275229357799,6.60550458715597,NA,NA,NA,direct,mono,sept_oct_1990,stockholm,NA,NA,NA,NA,NA,NA,NA
wiklund1993_fig2c,wiklund1993,fig2c,poly_day1,NA,NA,NA,1,NA,NA,NA,NA,NA,16.146788990825684,5.688073394495426,NA,NA,NA,direct,poly,sept_oct_1990,stockholm,NA,NA,NA,NA,NA,NA,NA
wiklund1993_fig2c,wiklund1993,fig2c,mono_day1,NA,NA,NA,1,NA,NA,NA,NA,NA,6.972477064220181,2.7522935779816535,NA,NA,NA,direct,mono,sept_oct_1990,stockholm,NA,NA,NA,NA,NA,NA,NA
wiklund1993_fig3,wiklund1993,fig3,poly_day9,NA,NA,NA,9,NA,NA,NA,NA,NA,29.228066143294328,4.277601035454644,NA,NA,NA,direct,poly,sept_oct_1991,stockholm,NA,NA,NA,NA,NA,NA,NA
wiklund1993_fig3,wiklund1993,fig3,mono_day9,NA,NA,NA,9,NA,NA,NA,NA,NA,24.206534492978008,2.2317918445850324,NA,NA,NA,direct,mono,sept_oct_1991,stockholm,NA,NA,NA,NA,NA,NA,NA
wiklund1993_fig3,wiklund1993,fig3,poly_day8,NA,NA,NA,8,NA,NA,NA,NA,NA,34.62156310104149,3.905635728023803,NA,NA,NA,direct,poly,sept_oct_1991,stockholm,NA,NA,NA,NA,NA,NA,NA
wiklund1993_fig3,wiklund1993,fig3,mono_day8,NA,NA,NA,8,NA,NA,NA,NA,NA,25.136447761555104,10.043063300632648,NA,NA,NA,direct,mono,sept_oct_1991,stockholm,NA,NA,NA,NA,NA,NA,NA
wiklund1993_fig3,wiklund1993,fig3,poly_day7,NA,NA,NA,7,NA,NA,NA,NA,NA,38.71318148278071,3.7196530743083827,NA,NA,NA,direct,poly,sept_oct_1991,stockholm,NA,NA,NA,NA,NA,NA,NA
wiklund1993_fig3,wiklund1993,fig3,mono_day7,NA,NA,NA,7,NA,NA,NA,NA,NA,34.063615139895234,6.881358187470518,NA,NA,NA,direct,mono,sept_oct_1991,stockholm,NA,NA,NA,NA,NA,NA,NA
wiklund1993_fig3,wiklund1993,fig3,poly_day6,NA,NA,NA,6,NA,NA,NA,NA,NA,31.645840641594788,3.3476877668775344,NA,NA,NA,direct,poly,sept_oct_1991,stockholm,NA,NA,NA,NA,NA,NA,NA
wiklund1993_fig3,wiklund1993,fig3,mono_day6,NA,NA,NA,6,NA,NA,NA,NA,NA,14.349453846060792,4.463583689170056,NA,NA,NA,direct,mono,sept_oct_1991,stockholm,NA,NA,NA,NA,NA,NA,NA
wiklund1993_fig3,wiklund1993,fig3,poly_day5,NA,NA,NA,5,NA,NA,NA,NA,NA,38.52719882906529,3.7196530743083898,NA,NA,NA,direct,poly,sept_oct_1991,stockholm,NA,NA,NA,NA,NA,NA,NA
wiklund1993_fig3,wiklund1993,fig3,mono_day5,NA,NA,NA,5,NA,NA,NA,NA,NA,16.02329772949956,2.789739805731287,NA,NA,NA,direct,mono,sept_oct_1991,stockholm,NA,NA,NA,NA,NA,NA,NA
wiklund1993_fig3,wiklund1993,fig3,poly_day4,NA,NA,NA,4,NA,NA,NA,NA,NA,30.343962065586844,5.021531650316319,NA,NA,NA,direct,poly,sept_oct_1991,stockholm,NA,NA,NA,NA,NA,NA,NA
wiklund1993_fig3,wiklund1993,fig3,mono_day4,NA,NA,NA,4,NA,NA,NA,NA,NA,31.27387533416394,5.0215316503163265,NA,NA,NA,direct,mono,sept_oct_1991,stockholm,NA,NA,NA,NA,NA,NA,NA
wiklund1993_fig3,wiklund1993,fig3,poly_day3,NA,NA,NA,3,NA,NA,NA,NA,NA,34.43558044732607,5.0215316503163265,NA,NA,NA,direct,poly,sept_oct_1991,stockholm,NA,NA,NA,NA,NA,NA,NA
wiklund1993_fig3,wiklund1993,fig3,mono_day3,NA,NA,NA,3,NA,NA,NA,NA,NA,16.02329772949956,5.951444918893415,NA,NA,NA,direct,mono,sept_oct_1991,stockholm,NA,NA,NA,NA,NA,NA,NA
wiklund1993_fig3,wiklund1993,fig3,poly_day2,NA,NA,NA,2,NA,NA,NA,NA,NA,30.343962065586844,5.951444918893422,NA,NA,NA,direct,poly,sept_oct_1991,stockholm,NA,NA,NA,NA,NA,NA,NA
wiklund1993_fig3,wiklund1993,fig3,mono_day2,NA,NA,NA,2,NA,NA,NA,NA,NA,14.163471192345364,5.765462265178,NA,NA,NA,direct,mono,sept_oct_1991,stockholm,NA,NA,NA,NA,NA,NA,NA
wiklund1993_fig3,wiklund1993,fig3,mono_day1,NA,NA,NA,1,NA,NA,NA,NA,NA,7.840060966021108,6.8813581874705125,NA,NA,NA,direct,mono,sept_oct_1991,stockholm,NA,NA,NA,NA,NA,NA,NA
wiklund1993_fig3,wiklund1993,fig3,poly_day1,NA,NA,NA,1,NA,NA,NA,NA,NA,5.236303814005241,2.417774498300451,NA,NA,NA,direct,poly,sept_oct_1991,stockholm,NA,NA,NA,NA,NA,NA,NA
ohsaki1980_fig15,ohsaki1980,fig15,NA,NA,NA,1,2,NA,NA,NA,NA,NA,0,NA,18,NA,15L:9D,direct,mono,field_conditions,japan,NA,NA,NA,NA,NA,NA,20
ohsaki1980_fig15,ohsaki1980,fig15,NA,NA,NA,1,3,NA,NA,NA,NA,NA,13.5416666666668,NA,18,NA,15L:9D,direct,mono,field_conditions,japan,NA,NA,NA,NA,NA,NA,20
ohsaki1980_fig15,ohsaki1980,fig15,NA,NA,NA,1,4,NA,NA,NA,NA,NA,23.958333333333456,NA,18,NA,15L:9D,direct,mono,field_conditions,japan,NA,NA,NA,NA,NA,NA,20
ohsaki1980_fig15,ohsaki1980,fig15,NA,NA,NA,1,5,NA,NA,NA,NA,NA,29.16666666666677,NA,18,NA,15L:9D,direct,mono,field_conditions,japan,NA,NA,NA,NA,NA,NA,20
ohsaki1980_fig15,ohsaki1980,fig15,NA,NA,NA,1,6,NA,NA,NA,NA,NA,22.91666666666677,NA,18,NA,15L:9D,direct,mono,field_conditions,japan,NA,NA,NA,NA,NA,NA,20
ohsaki1980_fig15,ohsaki1980,fig15,NA,NA,NA,1,7,NA,NA,NA,NA,NA,23.958333333333456,NA,18,NA,15L:9D,direct,mono,field_conditions,japan,NA,NA,NA,NA,NA,NA,20
ohsaki1980_fig15,ohsaki1980,fig15,NA,NA,NA,1,8,NA,NA,NA,NA,NA,36.97916666666676,NA,18,NA,15L:9D,direct,mono,field_conditions,japan,NA,NA,NA,NA,NA,NA,20
ohsaki1980_fig15,ohsaki1980,fig15,NA,NA,NA,1,9,NA,NA,NA,NA,NA,24.479166666666785,NA,18,NA,15L:9D,direct,mono,field_conditions,japan,NA,NA,NA,NA,NA,NA,20
ohsaki1980_fig15,ohsaki1980,fig15,NA,NA,NA,1,10,NA,NA,NA,NA,NA,14.062500000000114,NA,18,NA,15L:9D,direct,mono,field_conditions,japan,NA,NA,NA,NA,NA,NA,20
ohsaki1980_fig15,ohsaki1980,fig15,NA,NA,NA,1,11,NA,NA,NA,NA,NA,11.458333333333456,NA,18,NA,15L:9D,direct,mono,field_conditions,japan,NA,NA,NA,NA,NA,NA,20
ohsaki1980_fig15,ohsaki1980,fig15,NA,NA,NA,1,12,NA,NA,NA,NA,NA,7.812500000000114,NA,18,NA,15L:9D,direct,mono,field_conditions,japan,NA,NA,NA,NA,NA,NA,20
ohsaki1980_fig15,ohsaki1980,fig15,NA,NA,NA,1,13,NA,NA,NA,NA,NA,0,NA,18,NA,15L:9D,direct,mono,field_conditions,japan,NA,NA,NA,NA,NA,NA,20
ohsaki1980_fig15,ohsaki1980,fig15,NA,NA,NA,1,14,NA,NA,NA,NA,NA,2.083333333333485,NA,18,NA,15L:9D,direct,mono,field_conditions,japan,NA,NA,NA,NA,NA,NA,20
ohsaki1980_fig15,ohsaki1980,fig15,NA,NA,NA,1,15,NA,NA,NA,NA,NA,0,NA,18,NA,15L:9D,direct,mono,field_conditions,japan,NA,NA,NA,NA,NA,NA,20
